file,line,type,commit,author,date,time,timezone,datetime,depth,length
style.css,1,css,81fbe915,vmlau,2025-10-09,20:30:31,-07:00,2025-10-09T20:30:31-07:00,0,4
style.css,2,css,94986e0a,vmlau,2025-10-09,20:42:29,-07:00,2025-10-09T20:42:29-07:00,2,45
style.css,3,css,cccce766,vmlau,2025-10-16,17:25:38,-07:00,2025-10-16T17:25:38-07:00,2,23
style.css,4,css,94986e0a,vmlau,2025-10-09,20:42:29,-07:00,2025-10-09T20:42:29-07:00,1,0
style.css,5,css,94986e0a,vmlau,2025-10-09,20:42:29,-07:00,2025-10-09T20:42:29-07:00,0,0
style.css,6,css,c9612b1d,vmlau,2025-10-01,13:46:30,-07:00,2025-10-01T13:46:30-07:00,0,4
style.css,7,css,c9612b1d,vmlau,2025-10-01,13:46:30,-07:00,2025-10-01T13:46:30-07:00,1,23
style.css,8,css,4a769fe0,vmlau,2025-10-09,19:52:17,-07:00,2025-10-09T19:52:17-07:00,1,15
style.css,9,css,25b86c77,vmlau,2025-10-09,19:42:02,-07:00,2025-10-09T19:42:02-07:00,1,18
style.css,10,css,e1b4464f,vmlau,2025-10-09,20:09:39,-07:00,2025-10-09T20:09:39-07:00,1,15
style.css,11,css,4a769fe0,vmlau,2025-10-09,19:52:17,-07:00,2025-10-09T19:52:17-07:00,0,0
style.css,12,css,4a769fe0,vmlau,2025-10-09,19:52:17,-07:00,2025-10-09T19:52:17-07:00,0,0
style.css,13,css,83255af3,vmlau,2025-10-10,19:45:34,-07:00,2025-10-10T19:45:34-07:00,0,3
style.css,14,css,1c2b17db,vmlau,2025-10-10,20:43:56,-07:00,2025-10-10T20:43:56-07:00,1,14
style.css,15,css,83255af3,vmlau,2025-10-10,19:45:34,-07:00,2025-10-10T19:45:34-07:00,1,11
style.css,16,css,1c2b17db,vmlau,2025-10-10,20:43:56,-07:00,2025-10-10T20:43:56-07:00,1,13
style.css,17,css,1c2b17db,vmlau,2025-10-10,20:43:56,-07:00,2025-10-10T20:43:56-07:00,0,0
style.css,18,css,1c2b17db,vmlau,2025-10-10,20:43:56,-07:00,2025-10-10T20:43:56-07:00,0,0
style.css,19,css,1c2b17db,vmlau,2025-10-10,20:43:56,-07:00,2025-10-10T20:43:56-07:00,0,9
style.css,20,css,1c2b17db,vmlau,2025-10-10,20:43:56,-07:00,2025-10-10T20:43:56-07:00,1,13
style.css,21,css,1c2b17db,vmlau,2025-10-10,20:43:56,-07:00,2025-10-10T20:43:56-07:00,1,10
style.css,22,css,1c2b17db,vmlau,2025-10-10,20:43:56,-07:00,2025-10-10T20:43:56-07:00,1,18
style.css,23,css,1c2b17db,vmlau,2025-10-10,20:43:56,-07:00,2025-10-10T20:43:56-07:00,1,13
style.css,24,css,e1b4464f,vmlau,2025-10-09,20:09:39,-07:00,2025-10-09T20:09:39-07:00,0,0
style.css,25,css,e1b4464f,vmlau,2025-10-09,20:09:39,-07:00,2025-10-09T20:09:39-07:00,0,0
style.css,26,css,e1b4464f,vmlau,2025-10-09,20:09:39,-07:00,2025-10-09T20:09:39-07:00,0,3
style.css,27,css,cccce766,vmlau,2025-10-16,17:25:38,-07:00,2025-10-16T17:25:38-07:00,1,39
style.css,28,css,e1b4464f,vmlau,2025-10-09,20:09:39,-07:00,2025-10-09T20:09:39-07:00,1,12
style.css,29,css,e1b4464f,vmlau,2025-10-09,20:09:39,-07:00,2025-10-09T20:09:39-07:00,0,0
style.css,30,css,e1b4464f,vmlau,2025-10-09,20:09:39,-07:00,2025-10-09T20:09:39-07:00,0,0
style.css,31,css,e1b4464f,vmlau,2025-10-09,20:09:39,-07:00,2025-10-09T20:09:39-07:00,0,5
style.css,32,css,e1b4464f,vmlau,2025-10-09,20:09:39,-07:00,2025-10-09T20:09:39-07:00,1,6
style.css,33,css,d28ac218,vmlau,2025-10-09,20:18:26,-07:00,2025-10-09T20:18:26-07:00,1,17
style.css,34,css,d28ac218,vmlau,2025-10-09,20:18:26,-07:00,2025-10-09T20:18:26-07:00,1,13
style.css,35,css,e1b4464f,vmlau,2025-10-09,20:09:39,-07:00,2025-10-09T20:09:39-07:00,1,20
style.css,36,css,e1b4464f,vmlau,2025-10-09,20:09:39,-07:00,2025-10-09T20:09:39-07:00,1,13
style.css,37,css,d28ac218,vmlau,2025-10-09,20:18:26,-07:00,2025-10-09T20:18:26-07:00,1,17
style.css,38,css,cccce766,vmlau,2025-10-16,17:25:38,-07:00,2025-10-16T17:25:38-07:00,1,43
style.css,39,css,e1b4464f,vmlau,2025-10-09,20:09:39,-07:00,2025-10-09T20:09:39-07:00,0,0
style.css,40,css,e1b4464f,vmlau,2025-10-09,20:09:39,-07:00,2025-10-09T20:09:39-07:00,0,0
style.css,41,css,e1b4464f,vmlau,2025-10-09,20:09:39,-07:00,2025-10-09T20:09:39-07:00,0,13
style.css,42,css,3ebb8bd8,vmlau,2025-10-17,16:51:36,-07:00,2025-10-17T16:51:36-07:00,1,45
style.css,43,css,88a1b203,vmlau,2025-10-09,20:34:50,-07:00,2025-10-09T20:34:50-07:00,1,21
style.css,44,css,e1b4464f,vmlau,2025-10-09,20:09:39,-07:00,2025-10-09T20:09:39-07:00,1,15
style.css,45,css,81fbe915,vmlau,2025-10-09,20:30:31,-07:00,2025-10-09T20:30:31-07:00,0,0
style.css,46,css,81fbe915,vmlau,2025-10-09,20:30:31,-07:00,2025-10-09T20:30:31-07:00,0,0
style.css,47,css,88a1b203,vmlau,2025-10-09,20:34:50,-07:00,2025-10-09T20:34:50-07:00,0,11
style.css,48,css,289de833,vmlau,2025-10-16,17:29:15,-07:00,2025-10-16T17:29:15-07:00,1,71
style.css,49,css,81fbe915,vmlau,2025-10-09,20:30:31,-07:00,2025-10-09T20:30:31-07:00,1,45
style.css,50,css,81fbe915,vmlau,2025-10-09,20:30:31,-07:00,2025-10-09T20:30:31-07:00,1,21
style.css,51,css,81fbe915,vmlau,2025-10-09,20:30:31,-07:00,2025-10-09T20:30:31-07:00,1,15
style.css,52,css,27eae2f5,vmlau,2025-10-09,21:01:07,-07:00,2025-10-09T21:01:07-07:00,0,0
style.css,53,css,27eae2f5,vmlau,2025-10-09,21:01:07,-07:00,2025-10-09T21:01:07-07:00,0,0
style.css,54,css,9999d6b1,vmlau,2025-10-09,21:20:02,-07:00,2025-10-09T21:20:02-07:00,0,4
style.css,55,css,9999d6b1,vmlau,2025-10-09,21:20:02,-07:00,2025-10-09T21:20:02-07:00,1,12
style.css,56,css,14df4e97,vmlau,2025-10-09,21:25:00,-07:00,2025-10-09T21:25:00-07:00,1,30
style.css,57,css,f0d4433e,vmlau,2025-10-10,20:58:36,-07:00,2025-10-10T20:58:36-07:00,1,18
style.css,58,css,14df4e97,vmlau,2025-10-09,21:25:00,-07:00,2025-10-09T21:25:00-07:00,1,7
style.css,59,css,9999d6b1,vmlau,2025-10-09,21:20:02,-07:00,2025-10-09T21:20:02-07:00,0,0
style.css,60,css,9999d6b1,vmlau,2025-10-09,21:20:02,-07:00,2025-10-09T21:20:02-07:00,0,0
style.css,61,css,cccce766,vmlau,2025-10-16,17:25:38,-07:00,2025-10-16T17:25:38-07:00,0,31
style.css,62,css,27eae2f5,vmlau,2025-10-09,21:01:07,-07:00,2025-10-09T21:01:07-07:00,1,12
style.css,63,css,66e53f87,vmlau,2025-10-10,16:54:05,-07:00,2025-10-10T16:54:05-07:00,0,0
style.css,64,css,66e53f87,vmlau,2025-10-10,16:54:05,-07:00,2025-10-10T16:54:05-07:00,0,0
style.css,65,css,9e2d7d95,vmlau,2025-10-10,17:00:06,-07:00,2025-10-10T17:00:06-07:00,0,0
style.css,66,css,66e53f87,vmlau,2025-10-10,16:54:05,-07:00,2025-10-10T16:54:05-07:00,0,5
style.css,67,css,66e53f87,vmlau,2025-10-10,16:54:05,-07:00,2025-10-10T16:54:05-07:00,1,12
style.css,68,css,44aa6dad,vmlau,2025-10-10,21:17:19,-07:00,2025-10-10T21:17:19-07:00,1,29
style.css,69,css,c557862e,vmlau,2025-10-10,20:56:50,-07:00,2025-10-10T20:56:50-07:00,1,18
style.css,70,css,d1f7f26a,vmlau,2025-10-10,21:08:22,-07:00,2025-10-10T21:08:22-07:00,1,18
style.css,71,css,d1f7f26a,vmlau,2025-10-10,21:08:22,-07:00,2025-10-10T21:08:22-07:00,1,19
style.css,72,css,d1f7f26a,vmlau,2025-10-10,21:08:22,-07:00,2025-10-10T21:08:22-07:00,0,0
style.css,73,css,d1f7f26a,vmlau,2025-10-10,21:08:22,-07:00,2025-10-10T21:08:22-07:00,0,0
style.css,74,css,d1f7f26a,vmlau,2025-10-10,21:08:22,-07:00,2025-10-10T21:08:22-07:00,0,9
style.css,75,css,d1f7f26a,vmlau,2025-10-10,21:08:22,-07:00,2025-10-10T21:08:22-07:00,0,13
style.css,76,css,d1f7f26a,vmlau,2025-10-10,21:08:22,-07:00,2025-10-10T21:08:22-07:00,1,10
style.css,77,css,d1f7f26a,vmlau,2025-10-10,21:08:22,-07:00,2025-10-10T21:08:22-07:00,1,21
style.css,78,css,d1f7f26a,vmlau,2025-10-10,21:08:22,-07:00,2025-10-10T21:08:22-07:00,0,0
style.css,79,css,d1f7f26a,vmlau,2025-10-10,21:08:22,-07:00,2025-10-10T21:08:22-07:00,0,0
style.css,80,css,d1f7f26a,vmlau,2025-10-10,21:08:22,-07:00,2025-10-10T21:08:22-07:00,0,11
style.css,81,css,d1f7f26a,vmlau,2025-10-10,21:08:22,-07:00,2025-10-10T21:08:22-07:00,1,18
style.css,82,css,d1f7f26a,vmlau,2025-10-10,21:08:22,-07:00,2025-10-10T21:08:22-07:00,1,10
style.css,83,css,d1f7f26a,vmlau,2025-10-10,21:08:22,-07:00,2025-10-10T21:08:22-07:00,1,20
style.css,84,css,d1f7f26a,vmlau,2025-10-10,21:08:22,-07:00,2025-10-10T21:08:22-07:00,0,0
style.css,85,css,d1f7f26a,vmlau,2025-10-10,21:08:22,-07:00,2025-10-10T21:08:22-07:00,0,0
style.css,86,css,9f906fd0,vmlau,2025-10-10,19:11:42,-07:00,2025-10-10T19:11:42-07:00,0,9
style.css,87,css,9f906fd0,vmlau,2025-10-10,19:11:42,-07:00,2025-10-10T19:11:42-07:00,1,12
style.css,88,css,9d06ba80,vmlau,2025-10-10,20:36:07,-07:00,2025-10-10T20:36:07-07:00,1,57
style.css,89,css,7fdbdc55,vmlau,2025-10-10,20:51:29,-07:00,2025-10-10T20:51:29-07:00,1,7
style.css,90,css,6b01cdf8,vmlau,2025-10-10,20:34:50,-07:00,2025-10-10T20:34:50-07:00,1,17
style.css,91,css,0dc43e6a,vmlau,2025-10-10,19:27:02,-07:00,2025-10-10T19:27:02-07:00,0,0
style.css,92,css,0dc43e6a,vmlau,2025-10-10,19:27:02,-07:00,2025-10-10T19:27:02-07:00,0,0
style.css,93,css,606a90b1,vmlau,2025-10-10,19:36:07,-07:00,2025-10-10T19:36:07-07:00,0,17
style.css,94,css,6b01cdf8,vmlau,2025-10-10,20:34:50,-07:00,2025-10-10T20:34:50-07:00,1,12
style.css,95,css,7fdbdc55,vmlau,2025-10-10,20:51:29,-07:00,2025-10-10T20:51:29-07:00,1,26
style.css,96,css,7fdbdc55,vmlau,2025-10-10,20:51:29,-07:00,2025-10-10T20:51:29-07:00,1,15
style.css,97,css,7fb39d2d,vmlau,2025-10-10,19:57:34,-07:00,2025-10-10T19:57:34-07:00,1,7
style.css,98,css,0dc43e6a,vmlau,2025-10-10,19:27:02,-07:00,2025-10-10T19:27:02-07:00,0,0
style.css,99,css,0dc43e6a,vmlau,2025-10-10,19:27:02,-07:00,2025-10-10T19:27:02-07:00,0,0
style.css,100,css,9c2f3c9a,vmlau,2025-10-10,20:37:25,-07:00,2025-10-10T20:37:25-07:00,0,13
style.css,101,css,9c2f3c9a,vmlau,2025-10-10,20:37:25,-07:00,2025-10-10T20:37:25-07:00,1,14
style.css,102,css,9c2f3c9a,vmlau,2025-10-10,20:37:25,-07:00,2025-10-10T20:37:25-07:00,1,10
style.css,103,css,9c2f3c9a,vmlau,2025-10-10,20:37:25,-07:00,2025-10-10T20:37:25-07:00,1,11
style.css,104,css,9c2f3c9a,vmlau,2025-10-10,20:37:25,-07:00,2025-10-10T20:37:25-07:00,1,13
style.css,105,css,9c2f3c9a,vmlau,2025-10-10,20:37:25,-07:00,2025-10-10T20:37:25-07:00,0,0
style.css,106,css,9c2f3c9a,vmlau,2025-10-10,20:37:25,-07:00,2025-10-10T20:37:25-07:00,0,0
style.css,107,css,7fdbdc55,vmlau,2025-10-10,20:51:29,-07:00,2025-10-10T20:51:29-07:00,0,22
style.css,108,css,7fdbdc55,vmlau,2025-10-10,20:51:29,-07:00,2025-10-10T20:51:29-07:00,1,15
style.css,109,css,7fdbdc55,vmlau,2025-10-10,20:51:29,-07:00,2025-10-10T20:51:29-07:00,1,17
style.css,110,css,7fdbdc55,vmlau,2025-10-10,20:51:29,-07:00,2025-10-10T20:51:29-07:00,0,0
style.css,111,css,7fdbdc55,vmlau,2025-10-10,20:51:29,-07:00,2025-10-10T20:51:29-07:00,0,0
style.css,112,css,7fdbdc55,vmlau,2025-10-10,20:51:29,-07:00,2025-10-10T20:51:29-07:00,0,2
style.css,113,css,7fdbdc55,vmlau,2025-10-10,20:51:29,-07:00,2025-10-10T20:51:29-07:00,1,14
style.css,114,css,7fdbdc55,vmlau,2025-10-10,20:51:29,-07:00,2025-10-10T20:51:29-07:00,0,0
style.css,115,css,7fdbdc55,vmlau,2025-10-10,20:51:29,-07:00,2025-10-10T20:51:29-07:00,0,0
style.css,116,css,6b01cdf8,vmlau,2025-10-10,20:34:50,-07:00,2025-10-10T20:34:50-07:00,0,2
style.css,117,css,0dc43e6a,vmlau,2025-10-10,19:27:02,-07:00,2025-10-10T19:27:02-07:00,1,8
style.css,118,css,93778cf8,vmlau,2025-10-10,21:28:35,-07:00,2025-10-10T21:28:35-07:00,0,0
style.css,119,css,93778cf8,vmlau,2025-10-10,21:28:35,-07:00,2025-10-10T21:28:35-07:00,0,0
style.css,120,css,aab4326d,vmlau,2025-10-10,21:39:44,-07:00,2025-10-10T21:39:44-07:00,0,15
style.css,121,css,4b07baf6,vmlau,2025-10-10,21:48:31,-07:00,2025-10-10T21:48:31-07:00,1,80
style.css,122,css,aab4326d,vmlau,2025-10-10,21:39:44,-07:00,2025-10-10T21:39:44-07:00,1,17
style.css,123,css,aab4326d,vmlau,2025-10-10,21:39:44,-07:00,2025-10-10T21:39:44-07:00,1,12
style.css,124,css,aab4326d,vmlau,2025-10-10,21:39:44,-07:00,2025-10-10T21:39:44-07:00,1,18
style.css,125,css,aab4326d,vmlau,2025-10-10,21:39:44,-07:00,2025-10-10T21:39:44-07:00,1,67
style.css,126,css,7aea2030,vmlau,2025-10-10,21:50:49,-07:00,2025-10-10T21:50:49-07:00,0,0
style.css,127,css,7aea2030,vmlau,2025-10-10,21:50:49,-07:00,2025-10-10T21:50:49-07:00,0,0
style.css,128,css,7aea2030,vmlau,2025-10-10,21:50:49,-07:00,2025-10-10T21:50:49-07:00,0,18
style.css,129,css,7aea2030,vmlau,2025-10-10,21:50:49,-07:00,2025-10-10T21:50:49-07:00,1,25
style.css,130,css,0c967df6,vmlau,2025-10-10,21:52:06,-07:00,2025-10-10T21:52:06-07:00,1,39
style.css,131,css,48ea40c5,vmlau,2025-10-10,21:53:46,-07:00,2025-10-10T21:53:46-07:00,1,17
style.css,132,css,cccce766,vmlau,2025-10-16,17:25:38,-07:00,2025-10-16T17:25:38-07:00,0,0
style.css,133,css,cccce766,vmlau,2025-10-16,17:25:38,-07:00,2025-10-16T17:25:38-07:00,0,0
style.css,134,css,cccce766,vmlau,2025-10-16,17:25:38,-07:00,2025-10-16T17:25:38-07:00,0,13
style.css,135,css,cccce766,vmlau,2025-10-16,17:25:38,-07:00,2025-10-16T17:25:38-07:00,1,17
style.css,136,css,cccce766,vmlau,2025-10-16,17:25:38,-07:00,2025-10-16T17:25:38-07:00,1,8
style.css,137,css,cccce766,vmlau,2025-10-16,17:25:38,-07:00,2025-10-16T17:25:38-07:00,1,10
style.css,138,css,cccce766,vmlau,2025-10-16,17:25:38,-07:00,2025-10-16T17:25:38-07:00,1,13
style.css,139,css,cccce766,vmlau,2025-10-16,17:25:38,-07:00,2025-10-16T17:25:38-07:00,1,19
style.css,140,css,cccce766,vmlau,2025-10-16,17:25:38,-07:00,2025-10-16T17:25:38-07:00,1,11
style.css,141,css,f2c61efb,vmlau,2025-10-25,18:45:55,-07:00,2025-10-25T18:45:55-07:00,0,0
style.css,142,css,f2c61efb,vmlau,2025-10-25,18:45:55,-07:00,2025-10-25T18:45:55-07:00,0,0
style.css,143,css,f2c61efb,vmlau,2025-10-25,18:45:55,-07:00,2025-10-25T18:45:55-07:00,0,17
style.css,144,css,f2c61efb,vmlau,2025-10-25,18:45:55,-07:00,2025-10-25T18:45:55-07:00,2,12
style.css,145,css,f2c61efb,vmlau,2025-10-25,18:45:55,-07:00,2025-10-25T18:45:55-07:00,2,36
style.css,146,css,f2c61efb,vmlau,2025-10-25,18:45:55,-07:00,2025-10-25T18:45:55-07:00,2,28
style.css,147,css,f2c61efb,vmlau,2025-10-25,18:45:55,-07:00,2025-10-25T18:45:55-07:00,2,15
style.css,148,css,f2c61efb,vmlau,2025-10-25,18:45:55,-07:00,2025-10-25T18:45:55-07:00,0,0
style.css,149,css,f2c61efb,vmlau,2025-10-25,18:45:55,-07:00,2025-10-25T18:45:55-07:00,0,0
style.css,150,css,f2c61efb,vmlau,2025-10-25,18:45:55,-07:00,2025-10-25T18:45:55-07:00,0,17
style.css,151,css,f2c61efb,vmlau,2025-10-25,18:45:55,-07:00,2025-10-25T18:45:55-07:00,2,10
style.css,152,css,f2c61efb,vmlau,2025-10-25,18:45:55,-07:00,2025-10-25T18:45:55-07:00,2,16
style.css,153,css,f2c61efb,vmlau,2025-10-25,18:45:55,-07:00,2025-10-25T18:45:55-07:00,2,17
style.css,154,css,f2c61efb,vmlau,2025-10-25,18:45:55,-07:00,2025-10-25T18:45:55-07:00,0,0
style.css,155,css,f2c61efb,vmlau,2025-10-25,18:45:55,-07:00,2025-10-25T18:45:55-07:00,0,0
style.css,156,css,f2c61efb,vmlau,2025-10-25,18:45:55,-07:00,2025-10-25T18:45:55-07:00,0,17
style.css,157,css,f2c61efb,vmlau,2025-10-25,18:45:55,-07:00,2025-10-25T18:45:55-07:00,2,10
style.css,158,css,f2c61efb,vmlau,2025-10-25,18:45:55,-07:00,2025-10-25T18:45:55-07:00,2,8
style.css,159,css,f2c61efb,vmlau,2025-10-25,18:45:55,-07:00,2025-10-25T18:45:55-07:00,2,17
style.css,160,css,458b3ee6,vmlau,2025-10-31,21:00:44,-07:00,2025-10-31T21:00:44-07:00,0,0
style.css,161,css,458b3ee6,vmlau,2025-10-31,21:00:44,-07:00,2025-10-31T21:00:44-07:00,0,0
style.css,162,css,458b3ee6,vmlau,2025-10-31,21:00:44,-07:00,2025-10-31T21:00:44-07:00,0,18
style.css,163,css,458b3ee6,vmlau,2025-10-31,21:00:44,-07:00,2025-10-31T21:00:44-07:00,1,14
style.css,164,css,458b3ee6,vmlau,2025-10-31,21:00:44,-07:00,2025-10-31T21:00:44-07:00,1,16
style.css,165,css,458b3ee6,vmlau,2025-10-31,21:00:44,-07:00,2025-10-31T21:00:44-07:00,1,16
style.css,166,css,458b3ee6,vmlau,2025-10-31,21:00:44,-07:00,2025-10-31T21:00:44-07:00,1,74
style.css,167,css,458b3ee6,vmlau,2025-10-31,21:00:44,-07:00,2025-10-31T21:00:44-07:00,1,13
style.css,168,css,458b3ee6,vmlau,2025-10-31,21:00:44,-07:00,2025-10-31T21:00:44-07:00,1,10
style.css,169,css,458b3ee6,vmlau,2025-10-31,21:00:44,-07:00,2025-10-31T21:00:44-07:00,1,14
style.css,170,css,458b3ee6,vmlau,2025-10-31,21:00:44,-07:00,2025-10-31T21:00:44-07:00,0,0
style.css,171,css,458b3ee6,vmlau,2025-10-31,21:00:44,-07:00,2025-10-31T21:00:44-07:00,0,0
style.css,172,css,458b3ee6,vmlau,2025-10-31,21:00:44,-07:00,2025-10-31T21:00:44-07:00,0,10
style.css,173,css,458b3ee6,vmlau,2025-10-31,21:00:44,-07:00,2025-10-31T21:00:44-07:00,1,12
style.css,174,css,458b3ee6,vmlau,2025-10-31,21:00:44,-07:00,2025-10-31T21:00:44-07:00,1,8
style.css,175,css,458b3ee6,vmlau,2025-10-31,21:00:44,-07:00,2025-10-31T21:00:44-07:00,1,60
style.css,176,css,458b3ee6,vmlau,2025-10-31,21:00:44,-07:00,2025-10-31T21:00:44-07:00,1,58
style.css,177,css,458b3ee6,vmlau,2025-10-31,21:00:44,-07:00,2025-10-31T21:00:44-07:00,1,17
style.css,178,css,458b3ee6,vmlau,2025-10-31,21:00:44,-07:00,2025-10-31T21:00:44-07:00,0,0
style.css,179,css,458b3ee6,vmlau,2025-10-31,21:00:44,-07:00,2025-10-31T21:00:44-07:00,0,0
style.css,180,css,458b3ee6,vmlau,2025-10-31,21:00:44,-07:00,2025-10-31T21:00:44-07:00,0,18
style.css,181,css,458b3ee6,vmlau,2025-10-31,21:00:44,-07:00,2025-10-31T21:00:44-07:00,1,50
style.css,182,css,458b3ee6,vmlau,2025-10-31,21:00:44,-07:00,2025-10-31T21:00:44-07:00,1,59
style.css,183,css,458b3ee6,vmlau,2025-10-31,21:00:44,-07:00,2025-10-31T21:00:44-07:00,0,0
style.css,184,css,458b3ee6,vmlau,2025-10-31,21:00:44,-07:00,2025-10-31T21:00:44-07:00,0,0
style.css,185,css,458b3ee6,vmlau,2025-10-31,21:00:44,-07:00,2025-10-31T21:00:44-07:00,0,20
style.css,186,css,458b3ee6,vmlau,2025-10-31,21:00:44,-07:00,2025-10-31T21:00:44-07:00,1,10
style.css,187,css,458b3ee6,vmlau,2025-10-31,21:00:44,-07:00,2025-10-31T21:00:44-07:00,1,20
style.css,188,css,458b3ee6,vmlau,2025-10-31,21:00:44,-07:00,2025-10-31T21:00:44-07:00,1,18
style.css,189,css,458b3ee6,vmlau,2025-10-31,21:00:44,-07:00,2025-10-31T21:00:44-07:00,1,29
style.css,190,css,458b3ee6,vmlau,2025-10-31,21:00:44,-07:00,2025-10-31T21:00:44-07:00,1,17
style.css,191,css,458b3ee6,vmlau,2025-10-31,21:00:44,-07:00,2025-10-31T21:00:44-07:00,0,0
style.css,192,css,458b3ee6,vmlau,2025-10-31,21:00:44,-07:00,2025-10-31T21:00:44-07:00,0,0
style.css,193,css,458b3ee6,vmlau,2025-10-31,21:00:44,-07:00,2025-10-31T21:00:44-07:00,0,19
style.css,194,css,458b3ee6,vmlau,2025-10-31,21:00:44,-07:00,2025-10-31T21:00:44-07:00,1,19
style.css,195,css,458b3ee6,vmlau,2025-10-31,21:00:44,-07:00,2025-10-31T21:00:44-07:00,1,18
style.css,196,css,458b3ee6,vmlau,2025-10-31,21:00:44,-07:00,2025-10-31T21:00:44-07:00,1,10
style.css,197,css,458b3ee6,vmlau,2025-10-31,21:00:44,-07:00,2025-10-31T21:00:44-07:00,0,0
style.css,198,css,458b3ee6,vmlau,2025-10-31,21:00:44,-07:00,2025-10-31T21:00:44-07:00,0,0
style.css,199,css,458b3ee6,vmlau,2025-10-31,21:00:44,-07:00,2025-10-31T21:00:44-07:00,0,12
style.css,200,css,458b3ee6,vmlau,2025-10-31,21:00:44,-07:00,2025-10-31T21:00:44-07:00,1,12
style.css,201,css,458b3ee6,vmlau,2025-10-31,21:00:44,-07:00,2025-10-31T21:00:44-07:00,1,18
style.css,202,css,458b3ee6,vmlau,2025-10-31,21:00:44,-07:00,2025-10-31T21:00:44-07:00,1,9
style.css,203,css,458b3ee6,vmlau,2025-10-31,21:00:44,-07:00,2025-10-31T21:00:44-07:00,0,0
style.css,204,css,458b3ee6,vmlau,2025-10-31,21:00:44,-07:00,2025-10-31T21:00:44-07:00,0,0
style.css,205,css,458b3ee6,vmlau,2025-10-31,21:00:44,-07:00,2025-10-31T21:00:44-07:00,0,7
style.css,206,css,458b3ee6,vmlau,2025-10-31,21:00:44,-07:00,2025-10-31T21:00:44-07:00,1,12
style.css,207,css,458b3ee6,vmlau,2025-10-31,21:00:44,-07:00,2025-10-31T21:00:44-07:00,1,57
style.css,208,css,458b3ee6,vmlau,2025-10-31,21:00:44,-07:00,2025-10-31T21:00:44-07:00,1,35
style.css,209,css,458b3ee6,vmlau,2025-10-31,21:00:44,-07:00,2025-10-31T21:00:44-07:00,1,17
style.css,210,css,458b3ee6,vmlau,2025-10-31,21:00:44,-07:00,2025-10-31T21:00:44-07:00,1,15
style.css,211,css,458b3ee6,vmlau,2025-10-31,21:00:44,-07:00,2025-10-31T21:00:44-07:00,1,14
style.css,212,css,458b3ee6,vmlau,2025-10-31,21:00:44,-07:00,2025-10-31T21:00:44-07:00,1,10
style.css,213,css,458b3ee6,vmlau,2025-10-31,21:00:44,-07:00,2025-10-31T21:00:44-07:00,0,0
style.css,214,css,458b3ee6,vmlau,2025-10-31,21:00:44,-07:00,2025-10-31T21:00:44-07:00,0,0
style.css,215,css,458b3ee6,vmlau,2025-10-31,21:00:44,-07:00,2025-10-31T21:00:44-07:00,0,67
style.css,216,css,458b3ee6,vmlau,2025-10-31,21:00:44,-07:00,2025-10-31T21:00:44-07:00,0,28
style.css,217,css,458b3ee6,vmlau,2025-10-31,21:00:44,-07:00,2025-10-31T21:00:44-07:00,1,12
style.css,218,css,458b3ee6,vmlau,2025-10-31,21:00:44,-07:00,2025-10-31T21:00:44-07:00,1,21
style.css,219,css,458b3ee6,vmlau,2025-10-31,21:00:44,-07:00,2025-10-31T21:00:44-07:00,1,57
style.css,220,css,458b3ee6,vmlau,2025-10-31,21:00:44,-07:00,2025-10-31T21:00:44-07:00,1,8
style.css,221,css,458b3ee6,vmlau,2025-10-31,21:00:44,-07:00,2025-10-31T21:00:44-07:00,1,18
style.css,222,css,458b3ee6,vmlau,2025-10-31,21:00:44,-07:00,2025-10-31T21:00:44-07:00,0,0
style.css,223,css,458b3ee6,vmlau,2025-10-31,21:00:44,-07:00,2025-10-31T21:00:44-07:00,0,0
style.css,224,css,458b3ee6,vmlau,2025-10-31,21:00:44,-07:00,2025-10-31T21:00:44-07:00,0,39
style.css,225,css,458b3ee6,vmlau,2025-10-31,21:00:44,-07:00,2025-10-31T21:00:44-07:00,1,10
style.css,226,css,458b3ee6,vmlau,2025-10-31,21:00:44,-07:00,2025-10-31T21:00:44-07:00,1,14
style.css,227,css,458b3ee6,vmlau,2025-10-31,21:00:44,-07:00,2025-10-31T21:00:44-07:00,1,21
style.css,228,css,458b3ee6,vmlau,2025-10-31,21:00:44,-07:00,2025-10-31T21:00:44-07:00,0,0
style.css,229,css,458b3ee6,vmlau,2025-10-31,21:00:44,-07:00,2025-10-31T21:00:44-07:00,0,0
style.css,230,css,458b3ee6,vmlau,2025-10-31,21:00:44,-07:00,2025-10-31T21:00:44-07:00,0,17
style.css,231,css,458b3ee6,vmlau,2025-10-31,21:00:44,-07:00,2025-10-31T21:00:44-07:00,1,16
style.css,232,css,458b3ee6,vmlau,2025-10-31,21:00:44,-07:00,2025-10-31T21:00:44-07:00,2,11
style.css,233,css,458b3ee6,vmlau,2025-10-31,21:00:44,-07:00,2025-10-31T21:00:44-07:00,1,0
style.css,234,css,458b3ee6,vmlau,2025-10-31,21:00:44,-07:00,2025-10-31T21:00:44-07:00,0,0
style.css,235,css,458b3ee6,vmlau,2025-10-31,21:00:44,-07:00,2025-10-31T21:00:44-07:00,0,0
style.css,236,css,458b3ee6,vmlau,2025-10-31,21:00:44,-07:00,2025-10-31T21:00:44-07:00,0,4
style.css,237,css,458b3ee6,vmlau,2025-10-31,21:00:44,-07:00,2025-10-31T21:00:44-07:00,1,16
style.css,238,css,458b3ee6,vmlau,2025-10-31,21:00:44,-07:00,2025-10-31T21:00:44-07:00,1,14
style.css,239,css,458b3ee6,vmlau,2025-10-31,21:00:44,-07:00,2025-10-31T21:00:44-07:00,0,0
style.css,240,css,458b3ee6,vmlau,2025-10-31,21:00:44,-07:00,2025-10-31T21:00:44-07:00,0,0
style.css,241,css,458b3ee6,vmlau,2025-10-31,21:00:44,-07:00,2025-10-31T21:00:44-07:00,0,37
style.css,242,css,458b3ee6,vmlau,2025-10-31,21:00:44,-07:00,2025-10-31T21:00:44-07:00,0,13
style.css,243,css,458b3ee6,vmlau,2025-10-31,21:00:44,-07:00,2025-10-31T21:00:44-07:00,1,62
style.css,244,css,458b3ee6,vmlau,2025-10-31,21:00:44,-07:00,2025-10-31T21:00:44-07:00,1,45
style.css,245,css,458b3ee6,vmlau,2025-10-31,21:00:44,-07:00,2025-10-31T21:00:44-07:00,0,0
style.css,246,css,458b3ee6,vmlau,2025-10-31,21:00:44,-07:00,2025-10-31T21:00:44-07:00,0,0
style.css,247,css,458b3ee6,vmlau,2025-10-31,21:00:44,-07:00,2025-10-31T21:00:44-07:00,0,29
style.css,248,css,458b3ee6,vmlau,2025-10-31,21:00:44,-07:00,2025-10-31T21:00:44-07:00,1,57
style.css,249,css,458b3ee6,vmlau,2025-10-31,21:00:44,-07:00,2025-10-31T21:00:44-07:00,1,63
style.css,250,css,458b3ee6,vmlau,2025-10-31,21:00:44,-07:00,2025-10-31T21:00:44-07:00,0,0
index.js,1,js,f2c61efb,vmlau,2025-10-25,18:45:55,-07:00,2025-10-25T18:45:55-07:00,0,71
index.js,2,js,f2c61efb,vmlau,2025-10-25,18:45:55,-07:00,2025-10-25T18:45:55-07:00,0,54
index.js,3,js,f2c61efb,vmlau,2025-10-25,18:45:55,-07:00,2025-10-25T18:45:55-07:00,0,42
index.js,4,js,f2c61efb,vmlau,2025-10-25,18:45:55,-07:00,2025-10-25T18:45:55-07:00,0,60
index.js,5,js,f2c61efb,vmlau,2025-10-25,18:45:55,-07:00,2025-10-25T18:45:55-07:00,0,54
index.js,6,js,f2c61efb,vmlau,2025-10-25,18:45:55,-07:00,2025-10-25T18:45:55-07:00,0,0
index.js,7,js,f2c61efb,vmlau,2025-10-25,18:45:55,-07:00,2025-10-25T18:45:55-07:00,0,48
index.js,8,js,f2c61efb,vmlau,2025-10-25,18:45:55,-07:00,2025-10-25T18:45:55-07:00,0,60
index.js,9,js,f2c61efb,vmlau,2025-10-25,18:45:55,-07:00,2025-10-25T18:45:55-07:00,0,17
index.js,10,js,f2c61efb,vmlau,2025-10-25,18:45:55,-07:00,2025-10-25T18:45:55-07:00,1,24
index.js,11,js,f2c61efb,vmlau,2025-10-25,18:45:55,-07:00,2025-10-25T18:45:55-07:00,4,2
index.js,12,js,f2c61efb,vmlau,2025-10-25,18:45:55,-07:00,2025-10-25T18:45:55-07:00,5,55
index.js,13,js,f2c61efb,vmlau,2025-10-25,18:45:55,-07:00,2025-10-25T18:45:55-07:00,5,55
index.js,14,js,f2c61efb,vmlau,2025-10-25,18:45:55,-07:00,2025-10-25T18:45:55-07:00,5,49
index.js,15,js,f2c61efb,vmlau,2025-10-25,18:45:55,-07:00,2025-10-25T18:45:55-07:00,5,49
index.js,16,js,f2c61efb,vmlau,2025-10-25,18:45:55,-07:00,2025-10-25T18:45:55-07:00,4,3
index.js,17,js,f2c61efb,vmlau,2025-10-25,18:45:55,-07:00,2025-10-25T18:45:55-07:00,2,0
index.js,18,js,f2c61efb,vmlau,2025-10-25,18:45:55,-07:00,2025-10-25T18:45:55-07:00,0,0
index.html,1,html,1e783642,vmlau,2025-09-30,19:45:53,-07:00,2025-09-30T19:45:53-07:00,0,13
index.html,2,html,1e783642,vmlau,2025-09-30,19:45:53,-07:00,2025-09-30T19:45:53-07:00,0,14
index.html,3,html,1e783642,vmlau,2025-09-30,19:45:53,-07:00,2025-09-30T19:45:53-07:00,0,4
index.html,4,html,1e783642,vmlau,2025-09-30,19:45:53,-07:00,2025-09-30T19:45:53-07:00,2,20
index.html,5,html,1e783642,vmlau,2025-09-30,19:45:53,-07:00,2025-09-30T19:45:53-07:00,2,68
index.html,6,html,1e783642,vmlau,2025-09-30,19:45:53,-07:00,2025-09-30T19:45:53-07:00,2,53
index.html,7,html,73c21fa4,vmlau,2025-09-30,22:12:19,-07:00,2025-09-30T22:12:19-07:00,2,38
index.html,8,html,1e783642,vmlau,2025-09-30,19:45:53,-07:00,2025-09-30T19:45:53-07:00,0,5
index.html,9,html,1e783642,vmlau,2025-09-30,19:45:53,-07:00,2025-09-30T19:45:53-07:00,0,4
index.html,10,html,cccce766,vmlau,2025-10-16,17:25:38,-07:00,2025-10-16T17:25:38-07:00,2,8
index.html,11,html,13aaa6e0,vmlau,2025-10-15,20:18:50,-07:00,2025-10-15T20:18:50-07:00,4,27
index.html,12,html,c23c3518,vmlau,2025-10-09,20:21:05,-07:00,2025-10-09T20:21:05-07:00,4,40
index.html,13,html,c23c3518,vmlau,2025-10-09,20:21:05,-07:00,2025-10-09T20:21:05-07:00,4,38
index.html,14,html,c23c3518,vmlau,2025-10-09,20:21:05,-07:00,2025-10-09T20:21:05-07:00,4,43
index.html,15,html,44941010,vmlau,2025-09-30,21:59:04,-07:00,2025-09-30T21:59:04-07:00,4,36
index.html,16,html,cccce766,vmlau,2025-10-16,17:25:38,-07:00,2025-10-16T17:25:38-07:00,2,8
index.html,17,html,cccce766,vmlau,2025-10-16,17:25:38,-07:00,2025-10-16T17:25:38-07:00,2,3
index.html,18,html,cccce766,vmlau,2025-10-16,17:25:38,-07:00,2025-10-16T17:25:38-07:00,2,63
index.html,19,html,cccce766,vmlau,2025-10-16,17:25:38,-07:00,2025-10-16T17:25:38-07:00,4,62
index.html,20,html,cccce766,vmlau,2025-10-16,17:25:38,-07:00,2025-10-16T17:25:38-07:00,4,17
index.html,21,html,cccce766,vmlau,2025-10-16,17:25:38,-07:00,2025-10-16T17:25:38-07:00,6,34
index.html,22,html,cccce766,vmlau,2025-10-16,17:25:38,-07:00,2025-10-16T17:25:38-07:00,6,32
index.html,23,html,cccce766,vmlau,2025-10-16,17:25:38,-07:00,2025-10-16T17:25:38-07:00,6,42
index.html,24,html,cccce766,vmlau,2025-10-16,17:25:38,-07:00,2025-10-16T17:25:38-07:00,4,7
index.html,25,html,cccce766,vmlau,2025-10-16,17:25:38,-07:00,2025-10-16T17:25:38-07:00,2,6
index.html,26,html,cccce766,vmlau,2025-10-16,17:25:38,-07:00,2025-10-16T17:25:38-07:00,2,1
index.html,27,html,0448484d,vmlau,2025-10-10,19:31:34,-07:00,2025-10-10T19:31:34-07:00,2,18
index.html,28,html,f2c61efb,vmlau,2025-10-25,18:45:55,-07:00,2025-10-25T18:45:55-07:00,2,41
index.html,29,html,60d7929f,vmlau,2025-10-10,20:44:01,-07:00,2025-10-10T20:44:01-07:00,2,62
index.html,30,html,f2c61efb,vmlau,2025-10-25,18:45:55,-07:00,2025-10-25T18:45:55-07:00,0,0
index.html,31,html,f2c61efb,vmlau,2025-10-25,18:45:55,-07:00,2025-10-25T18:45:55-07:00,2,2
index.html,32,html,f2c61efb,vmlau,2025-10-25,18:45:55,-07:00,2025-10-25T18:45:55-07:00,2,39
index.html,33,html,f2c61efb,vmlau,2025-10-25,18:45:55,-07:00,2025-10-25T18:45:55-07:00,2,2
index.html,34,html,f2c61efb,vmlau,2025-10-25,18:45:55,-07:00,2025-10-25T18:45:55-07:00,2,26
index.html,35,html,f2c61efb,vmlau,2025-10-25,18:45:55,-07:00,2025-10-25T18:45:55-07:00,2,2
index.html,36,html,f2c61efb,vmlau,2025-10-25,18:45:55,-07:00,2025-10-25T18:45:55-07:00,2,44
index.html,37,html,f2c61efb,vmlau,2025-10-25,18:45:55,-07:00,2025-10-25T18:45:55-07:00,2,2
index.html,38,html,f2c61efb,vmlau,2025-10-25,18:45:55,-07:00,2025-10-25T18:45:55-07:00,2,28
index.html,39,html,f2c61efb,vmlau,2025-10-25,18:45:55,-07:00,2025-10-25T18:45:55-07:00,0,0
index.html,40,html,f2c61efb,vmlau,2025-10-25,18:45:55,-07:00,2025-10-25T18:45:55-07:00,2,45
index.html,41,html,f2c61efb,vmlau,2025-10-25,18:45:55,-07:00,2025-10-25T18:45:55-07:00,2,50
index.html,42,html,1e783642,vmlau,2025-09-30,19:45:53,-07:00,2025-09-30T19:45:53-07:00,0,5
index.html,43,html,1e783642,vmlau,2025-09-30,19:45:53,-07:00,2025-09-30T19:45:53-07:00,0,5
global.js,1,js,7fc7f007,vmlau,2025-10-15,19:57:46,-07:00,2025-10-15T19:57:46-07:00,0,25
global.js,2,js,7fc7f007,vmlau,2025-10-15,19:57:46,-07:00,2025-10-15T19:57:46-07:00,0,0
global.js,3,js,7fc7f007,vmlau,2025-10-15,19:57:46,-07:00,2025-10-15T19:57:46-07:00,0,41
global.js,4,js,7fc7f007,vmlau,2025-10-15,19:57:46,-07:00,2025-10-15T19:57:46-07:00,1,52
global.js,5,js,13aaa6e0,vmlau,2025-10-15,20:18:50,-07:00,2025-10-15T20:18:50-07:00,0,0
global.js,6,js,13aaa6e0,vmlau,2025-10-15,20:18:50,-07:00,2025-10-15T20:18:50-07:00,0,0
global.js,7,js,cccce766,vmlau,2025-10-16,17:25:38,-07:00,2025-10-16T17:25:38-07:00,0,28
global.js,8,js,cccce766,vmlau,2025-10-16,17:25:38,-07:00,2025-10-16T17:25:38-07:00,0,33
global.js,9,js,cccce766,vmlau,2025-10-16,17:25:38,-07:00,2025-10-16T17:25:38-07:00,0,71
global.js,10,js,cccce766,vmlau,2025-10-16,17:25:38,-07:00,2025-10-16T17:25:38-07:00,0,3
global.js,11,js,cccce766,vmlau,2025-10-16,17:25:38,-07:00,2025-10-16T17:25:38-07:00,0,41
global.js,12,js,cccce766,vmlau,2025-10-16,17:25:38,-07:00,2025-10-16T17:25:38-07:00,0,19
global.js,13,js,cccce766,vmlau,2025-10-16,17:25:38,-07:00,2025-10-16T17:25:38-07:00,0,39
global.js,14,js,cccce766,vmlau,2025-10-16,17:25:38,-07:00,2025-10-16T17:25:38-07:00,0,40
global.js,15,js,cccce766,vmlau,2025-10-16,17:25:38,-07:00,2025-10-16T17:25:38-07:00,0,2
global.js,16,js,cccce766,vmlau,2025-10-16,17:25:38,-07:00,2025-10-16T17:25:38-07:00,0,41
global.js,17,js,cccce766,vmlau,2025-10-16,17:25:38,-07:00,2025-10-16T17:25:38-07:00,0,25
global.js,18,js,cccce766,vmlau,2025-10-16,17:25:38,-07:00,2025-10-16T17:25:38-07:00,0,0
global.js,19,js,cccce766,vmlau,2025-10-16,17:25:38,-07:00,2025-10-16T17:25:38-07:00,0,11
global.js,20,js,cccce766,vmlau,2025-10-16,17:25:38,-07:00,2025-10-16T17:25:38-07:00,1,25
global.js,21,js,cccce766,vmlau,2025-10-16,17:25:38,-07:00,2025-10-16T17:25:38-07:00,1,38
global.js,22,js,cccce766,vmlau,2025-10-16,17:25:38,-07:00,2025-10-16T17:25:38-07:00,1,36
global.js,23,js,cccce766,vmlau,2025-10-16,17:25:38,-07:00,2025-10-16T17:25:38-07:00,1,34
global.js,24,js,00000000,Not Committed Yet,2025-11-07,17:29:58,-08:00,2025-11-07T17:29:58-08:00,1,30
global.js,25,js,cccce766,vmlau,2025-10-16,17:25:38,-07:00,2025-10-16T17:25:38-07:00,1,51
global.js,26,js,cccce766,vmlau,2025-10-16,17:25:38,-07:00,2025-10-16T17:25:38-07:00,0,0
global.js,27,js,cccce766,vmlau,2025-10-16,17:25:38,-07:00,2025-10-16T17:25:38-07:00,0,38
global.js,28,js,cccce766,vmlau,2025-10-16,17:25:38,-07:00,2025-10-16T17:25:38-07:00,0,25
global.js,29,js,13d33f25,vmlau,2025-10-17,17:38:58,-07:00,2025-10-17T17:38:58-07:00,0,88
global.js,30,js,8e282d85,vmlau,2025-10-17,16:58:10,-07:00,2025-10-17T16:58:10-07:00,1,3
global.js,31,js,69cb38fa,vmlau,2025-10-17,17:42:08,-07:00,2025-10-17T17:42:08-07:00,1,14
global.js,32,js,cccce766,vmlau,2025-10-16,17:25:38,-07:00,2025-10-16T17:25:38-07:00,0,20
global.js,33,js,cccce766,vmlau,2025-10-16,17:25:38,-07:00,2025-10-16T17:25:38-07:00,1,14
global.js,34,js,e3b87301,vmlau,2025-10-17,17:04:50,-07:00,2025-10-17T17:04:50-07:00,1,28
global.js,35,js,cec9122e,vmlau,2025-10-17,17:18:49,-07:00,2025-10-17T17:18:49-07:00,2,20
global.js,36,js,e3b87301,vmlau,2025-10-17,17:04:50,-07:00,2025-10-17T17:04:50-07:00,0,0
global.js,37,js,cccce766,vmlau,2025-10-16,17:25:38,-07:00,2025-10-16T17:25:38-07:00,1,18
global.js,38,js,cccce766,vmlau,2025-10-16,17:25:38,-07:00,2025-10-16T17:25:38-07:00,1,34
global.js,39,js,cccce766,vmlau,2025-10-16,17:25:38,-07:00,2025-10-16T17:25:38-07:00,1,11
global.js,40,js,cccce766,vmlau,2025-10-16,17:25:38,-07:00,2025-10-16T17:25:38-07:00,1,20
global.js,41,js,cccce766,vmlau,2025-10-16,17:25:38,-07:00,2025-10-16T17:25:38-07:00,1,12
global.js,42,js,b2f81922,vmlau,2025-10-17,17:33:26,-07:00,2025-10-17T17:33:26-07:00,1,65
global.js,43,js,cccce766,vmlau,2025-10-16,17:25:38,-07:00,2025-10-16T17:25:38-07:00,2,25
global.js,44,js,771784ec,vmlau,2025-10-17,16:41:05,-07:00,2025-10-17T16:41:05-07:00,1,0
global.js,45,js,8e282d85,vmlau,2025-10-17,16:58:10,-07:00,2025-10-17T16:58:10-07:00,1,39
global.js,46,js,771784ec,vmlau,2025-10-17,16:41:05,-07:00,2025-10-17T16:41:05-07:00,1,29
global.js,47,js,cccce766,vmlau,2025-10-16,17:25:38,-07:00,2025-10-16T17:25:38-07:00,2,18
global.js,48,js,771784ec,vmlau,2025-10-17,16:41:05,-07:00,2025-10-17T16:41:05-07:00,2,28
global.js,49,js,b2f81922,vmlau,2025-10-17,17:33:26,-07:00,2025-10-17T17:33:26-07:00,1,0
global.js,50,js,13aaa6e0,vmlau,2025-10-15,20:18:50,-07:00,2025-10-15T20:18:50-07:00,0,0
global.js,51,js,cccce766,vmlau,2025-10-16,17:25:38,-07:00,2025-10-16T17:25:38-07:00,0,31
global.js,52,js,cccce766,vmlau,2025-10-16,17:25:38,-07:00,2025-10-16T17:25:38-07:00,1,11
global.js,53,js,cccce766,vmlau,2025-10-16,17:25:38,-07:00,2025-10-16T17:25:38-07:00,1,0
global.js,54,js,cccce766,vmlau,2025-10-16,17:25:38,-07:00,2025-10-16T17:25:38-07:00,0,26
global.js,55,js,cccce766,vmlau,2025-10-16,17:25:38,-07:00,2025-10-16T17:25:38-07:00,0,4
global.js,56,js,cccce766,vmlau,2025-10-16,17:25:38,-07:00,2025-10-16T17:25:38-07:00,0,6
global.js,57,js,a096b084,vmlau,2025-10-17,16:38:08,-07:00,2025-10-17T16:38:08-07:00,6,43
global.js,58,js,cccce766,vmlau,2025-10-16,17:25:38,-07:00,2025-10-16T17:25:38-07:00,0,34
global.js,59,js,cccce766,vmlau,2025-10-16,17:25:38,-07:00,2025-10-16T17:25:38-07:00,6,32
global.js,60,js,cccce766,vmlau,2025-10-16,17:25:38,-07:00,2025-10-16T17:25:38-07:00,0,7
global.js,61,js,cccce766,vmlau,2025-10-16,17:25:38,-07:00,2025-10-16T17:25:38-07:00,0,8
global.js,62,js,289de833,vmlau,2025-10-16,17:29:15,-07:00,2025-10-16T17:29:15-07:00,0,0
global.js,63,js,289de833,vmlau,2025-10-16,17:29:15,-07:00,2025-10-16T17:29:15-07:00,0,0
global.js,64,js,289de833,vmlau,2025-10-16,17:29:15,-07:00,2025-10-16T17:29:15-07:00,0,65
global.js,65,js,289de833,vmlau,2025-10-16,17:29:15,-07:00,2025-10-16T17:29:15-07:00,0,16
global.js,66,js,a096b084,vmlau,2025-10-17,16:38:08,-07:00,2025-10-17T16:38:08-07:00,1,34
global.js,67,js,a096b084,vmlau,2025-10-17,16:38:08,-07:00,2025-10-17T16:38:08-07:00,2,43
global.js,68,js,a096b084,vmlau,2025-10-17,16:38:08,-07:00,2025-10-17T16:38:08-07:00,2,83
global.js,69,js,a096b084,vmlau,2025-10-17,16:38:08,-07:00,2025-10-17T16:38:08-07:00,1,0
global.js,70,js,289de833,vmlau,2025-10-16,17:29:15,-07:00,2025-10-16T17:29:15-07:00,1,54
global.js,71,js,289de833,vmlau,2025-10-16,17:29:15,-07:00,2025-10-16T17:29:15-07:00,2,57
global.js,72,js,cec9122e,vmlau,2025-10-17,17:18:49,-07:00,2025-10-17T17:18:49-07:00,2,77
global.js,73,js,cec9122e,vmlau,2025-10-17,17:18:49,-07:00,2025-10-17T17:18:49-07:00,2,44
global.js,74,js,cec9122e,vmlau,2025-10-17,17:18:49,-07:00,2025-10-17T17:18:49-07:00,1,1
global.js,75,js,a096b084,vmlau,2025-10-17,16:38:08,-07:00,2025-10-17T16:38:08-07:00,0,0
global.js,76,js,a096b084,vmlau,2025-10-17,16:38:08,-07:00,2025-10-17T16:38:08-07:00,0,0
global.js,77,js,cec9122e,vmlau,2025-10-17,17:18:49,-07:00,2025-10-17T17:18:49-07:00,0,42
global.js,78,js,cec9122e,vmlau,2025-10-17,17:18:49,-07:00,2025-10-17T17:18:49-07:00,0,48
global.js,79,js,a096b084,vmlau,2025-10-17,16:38:08,-07:00,2025-10-17T16:38:08-07:00,1,21
global.js,80,js,a096b084,vmlau,2025-10-17,16:38:08,-07:00,2025-10-17T16:38:08-07:00,0,0
global.js,81,js,a096b084,vmlau,2025-10-17,16:38:08,-07:00,2025-10-17T16:38:08-07:00,1,30
global.js,82,js,a096b084,vmlau,2025-10-17,16:38:08,-07:00,2025-10-17T16:38:08-07:00,1,14
global.js,83,js,a096b084,vmlau,2025-10-17,16:38:08,-07:00,2025-10-17T16:38:08-07:00,1,31
global.js,84,js,a096b084,vmlau,2025-10-17,16:38:08,-07:00,2025-10-17T16:38:08-07:00,2,70
global.js,85,js,a096b084,vmlau,2025-10-17,16:38:08,-07:00,2025-10-17T16:38:08-07:00,2,43
global.js,86,js,a096b084,vmlau,2025-10-17,16:38:08,-07:00,2025-10-17T16:38:08-07:00,1,0
global.js,87,js,a096b084,vmlau,2025-10-17,16:38:08,-07:00,2025-10-17T16:38:08-07:00,1,47
global.js,88,js,a096b084,vmlau,2025-10-17,16:38:08,-07:00,2025-10-17T16:38:08-07:00,1,18
global.js,89,js,f2c61efb,vmlau,2025-10-25,18:45:55,-07:00,2025-10-25T18:45:55-07:00,0,1
global.js,90,js,f2c61efb,vmlau,2025-10-25,18:45:55,-07:00,2025-10-25T18:45:55-07:00,0,0
global.js,91,js,f2c61efb,vmlau,2025-10-25,18:45:55,-07:00,2025-10-25T18:45:55-07:00,0,0
global.js,92,js,f2c61efb,vmlau,2025-10-25,18:45:55,-07:00,2025-10-25T18:45:55-07:00,0,36
global.js,93,js,f2c61efb,vmlau,2025-10-25,18:45:55,-07:00,2025-10-25T18:45:55-07:00,1,3
global.js,94,js,f2c61efb,vmlau,2025-10-25,18:45:55,-07:00,2025-10-25T18:45:55-07:00,2,39
global.js,95,js,f2c61efb,vmlau,2025-10-25,18:45:55,-07:00,2025-10-25T18:45:55-07:00,2,32
global.js,96,js,f2c61efb,vmlau,2025-10-25,18:45:55,-07:00,2025-10-25T18:45:55-07:00,2,17
global.js,97,js,f2c61efb,vmlau,2025-10-25,18:45:55,-07:00,2025-10-25T18:45:55-07:00,4,66
global.js,98,js,f2c61efb,vmlau,2025-10-25,18:45:55,-07:00,2025-10-25T18:45:55-07:00,2,0
global.js,99,js,f2c61efb,vmlau,2025-10-25,18:45:55,-07:00,2025-10-25T18:45:55-07:00,2,33
global.js,100,js,f2c61efb,vmlau,2025-10-25,18:45:55,-07:00,2025-10-25T18:45:55-07:00,2,10
global.js,101,js,f2c61efb,vmlau,2025-10-25,18:45:55,-07:00,2025-10-25T18:45:55-07:00,1,15
global.js,102,js,f2c61efb,vmlau,2025-10-25,18:45:55,-07:00,2025-10-25T18:45:55-07:00,2,59
global.js,103,js,f2c61efb,vmlau,2025-10-25,18:45:55,-07:00,2025-10-25T18:45:55-07:00,1,0
global.js,104,js,f2c61efb,vmlau,2025-10-25,18:45:55,-07:00,2025-10-25T18:45:55-07:00,0,0
global.js,105,js,f2c61efb,vmlau,2025-10-25,18:45:55,-07:00,2025-10-25T18:45:55-07:00,0,0
global.js,106,js,f2c61efb,vmlau,2025-10-25,18:45:55,-07:00,2025-10-25T18:45:55-07:00,0,79
global.js,107,js,f2c61efb,vmlau,2025-10-25,18:45:55,-07:00,2025-10-25T18:45:55-07:00,1,30
global.js,108,js,f2c61efb,vmlau,2025-10-25,18:45:55,-07:00,2025-10-25T18:45:55-07:00,1,27
global.js,109,js,f2c61efb,vmlau,2025-10-25,18:45:55,-07:00,2025-10-25T18:45:55-07:00,2,48
global.js,110,js,f2c61efb,vmlau,2025-10-25,18:45:55,-07:00,2025-10-25T18:45:55-07:00,2,19
global.js,111,js,f2c61efb,vmlau,2025-10-25,18:45:55,-07:00,2025-10-25T18:45:55-07:00,3,49
global.js,112,js,f2c61efb,vmlau,2025-10-25,18:45:55,-07:00,2025-10-25T18:45:55-07:00,3,49
global.js,113,js,458b3ee6,vmlau,2025-10-31,21:00:44,-07:00,2025-10-31T21:00:44-07:00,3,79
global.js,114,js,f2c61efb,vmlau,2025-10-25,18:45:55,-07:00,2025-10-25T18:45:55-07:00,2,0
global.js,115,js,f2c61efb,vmlau,2025-10-25,18:45:55,-07:00,2025-10-25T18:45:55-07:00,0,0
global.js,116,js,f2c61efb,vmlau,2025-10-25,18:45:55,-07:00,2025-10-25T18:45:55-07:00,2,36
global.js,117,js,f2c61efb,vmlau,2025-10-25,18:45:55,-07:00,2025-10-25T18:45:55-07:00,1,1
global.js,118,js,f2c61efb,vmlau,2025-10-25,18:45:55,-07:00,2025-10-25T18:45:55-07:00,0,0
global.js,119,js,f2c61efb,vmlau,2025-10-25,18:45:55,-07:00,2025-10-25T18:45:55-07:00,0,0
global.js,120,js,f2c61efb,vmlau,2025-10-25,18:45:55,-07:00,2025-10-25T18:45:55-07:00,0,47
global.js,121,js,f2c61efb,vmlau,2025-10-25,18:45:55,-07:00,2025-10-25T18:45:55-07:00,1,59
global.js,122,js,f2c61efb,vmlau,2025-10-25,18:45:55,-07:00,2025-10-25T18:45:55-07:00,0,0
resume/index.html,1,html,44941010,vmlau,2025-09-30,21:59:04,-07:00,2025-09-30T21:59:04-07:00,0,13
resume/index.html,2,html,44941010,vmlau,2025-09-30,21:59:04,-07:00,2025-09-30T21:59:04-07:00,0,14
resume/index.html,3,html,44941010,vmlau,2025-09-30,21:59:04,-07:00,2025-09-30T21:59:04-07:00,0,4
resume/index.html,4,html,44941010,vmlau,2025-09-30,21:59:04,-07:00,2025-09-30T21:59:04-07:00,2,20
resume/index.html,5,html,44941010,vmlau,2025-09-30,21:59:04,-07:00,2025-09-30T21:59:04-07:00,2,68
resume/index.html,6,html,44941010,vmlau,2025-09-30,21:59:04,-07:00,2025-09-30T21:59:04-07:00,2,19
resume/index.html,7,html,711b2aec,vmlau,2025-09-30,22:07:35,-07:00,2025-09-30T22:07:35-07:00,2,41
resume/index.html,8,html,13aaa6e0,vmlau,2025-10-15,20:18:50,-07:00,2025-10-15T20:18:50-07:00,2,48
resume/index.html,9,html,44941010,vmlau,2025-09-30,21:59:04,-07:00,2025-09-30T21:59:04-07:00,0,5
resume/index.html,10,html,5d0248ea,vmlau,2025-10-10,21:46:14,-07:00,2025-10-10T21:46:14-07:00,0,19
resume/index.html,11,html,cccce766,vmlau,2025-10-16,17:25:38,-07:00,2025-10-16T17:25:38-07:00,2,8
resume/index.html,12,html,c23c3518,vmlau,2025-10-09,20:21:05,-07:00,2025-10-09T20:21:05-07:00,4,30
resume/index.html,13,html,c23c3518,vmlau,2025-10-09,20:21:05,-07:00,2025-10-09T20:21:05-07:00,4,43
resume/index.html,14,html,c23c3518,vmlau,2025-10-09,20:21:05,-07:00,2025-10-09T20:21:05-07:00,4,41
resume/index.html,15,html,c23c3518,vmlau,2025-10-09,20:21:05,-07:00,2025-10-09T20:21:05-07:00,4,43
resume/index.html,16,html,13aaa6e0,vmlau,2025-10-15,20:18:50,-07:00,2025-10-15T20:18:50-07:00,4,29
resume/index.html,17,html,cccce766,vmlau,2025-10-16,17:25:38,-07:00,2025-10-16T17:25:38-07:00,2,8
resume/index.html,18,html,7fdbdc55,vmlau,2025-10-10,20:51:29,-07:00,2025-10-10T20:51:29-07:00,2,16
resume/index.html,19,html,44941010,vmlau,2025-09-30,21:59:04,-07:00,2025-09-30T21:59:04-07:00,2,7
resume/index.html,20,html,44941010,vmlau,2025-09-30,21:59:04,-07:00,2025-09-30T21:59:04-07:00,4,16
resume/index.html,21,html,44941010,vmlau,2025-09-30,21:59:04,-07:00,2025-09-30T21:59:04-07:00,4,125
resume/index.html,22,html,44941010,vmlau,2025-09-30,21:59:04,-07:00,2025-09-30T21:59:04-07:00,2,8
resume/index.html,23,html,44941010,vmlau,2025-09-30,21:59:04,-07:00,2025-09-30T21:59:04-07:00,2,7
resume/index.html,24,html,44941010,vmlau,2025-09-30,21:59:04,-07:00,2025-09-30T21:59:04-07:00,4,17
resume/index.html,25,html,44941010,vmlau,2025-09-30,21:59:04,-07:00,2025-09-30T21:59:04-07:00,4,7
resume/index.html,26,html,44941010,vmlau,2025-09-30,21:59:04,-07:00,2025-09-30T21:59:04-07:00,6,25
resume/index.html,27,html,44941010,vmlau,2025-09-30,21:59:04,-07:00,2025-09-30T21:59:04-07:00,6,74
resume/index.html,28,html,44941010,vmlau,2025-09-30,21:59:04,-07:00,2025-09-30T21:59:04-07:00,6,130
resume/index.html,29,html,44941010,vmlau,2025-09-30,21:59:04,-07:00,2025-09-30T21:59:04-07:00,6,2
resume/index.html,30,html,44941010,vmlau,2025-09-30,21:59:04,-07:00,2025-09-30T21:59:04-07:00,8,252
resume/index.html,31,html,44941010,vmlau,2025-09-30,21:59:04,-07:00,2025-09-30T21:59:04-07:00,8,207
resume/index.html,32,html,44941010,vmlau,2025-09-30,21:59:04,-07:00,2025-09-30T21:59:04-07:00,8,115
resume/index.html,33,html,44941010,vmlau,2025-09-30,21:59:04,-07:00,2025-09-30T21:59:04-07:00,8,167
resume/index.html,34,html,44941010,vmlau,2025-09-30,21:59:04,-07:00,2025-09-30T21:59:04-07:00,6,3
resume/index.html,35,html,44941010,vmlau,2025-09-30,21:59:04,-07:00,2025-09-30T21:59:04-07:00,4,8
resume/index.html,36,html,44941010,vmlau,2025-09-30,21:59:04,-07:00,2025-09-30T21:59:04-07:00,4,7
resume/index.html,37,html,44941010,vmlau,2025-09-30,21:59:04,-07:00,2025-09-30T21:59:04-07:00,6,30
resume/index.html,38,html,44941010,vmlau,2025-09-30,21:59:04,-07:00,2025-09-30T21:59:04-07:00,6,91
resume/index.html,39,html,44941010,vmlau,2025-09-30,21:59:04,-07:00,2025-09-30T21:59:04-07:00,6,2
resume/index.html,40,html,44941010,vmlau,2025-09-30,21:59:04,-07:00,2025-09-30T21:59:04-07:00,8,173
resume/index.html,41,html,44941010,vmlau,2025-09-30,21:59:04,-07:00,2025-09-30T21:59:04-07:00,8,105
resume/index.html,42,html,44941010,vmlau,2025-09-30,21:59:04,-07:00,2025-09-30T21:59:04-07:00,8,98
resume/index.html,43,html,44941010,vmlau,2025-09-30,21:59:04,-07:00,2025-09-30T21:59:04-07:00,8,116
resume/index.html,44,html,44941010,vmlau,2025-09-30,21:59:04,-07:00,2025-09-30T21:59:04-07:00,6,3
resume/index.html,45,html,44941010,vmlau,2025-09-30,21:59:04,-07:00,2025-09-30T21:59:04-07:00,4,8
resume/index.html,46,html,44941010,vmlau,2025-09-30,21:59:04,-07:00,2025-09-30T21:59:04-07:00,2,8
resume/index.html,47,html,44941010,vmlau,2025-09-30,21:59:04,-07:00,2025-09-30T21:59:04-07:00,2,7
resume/index.html,48,html,44941010,vmlau,2025-09-30,21:59:04,-07:00,2025-09-30T21:59:04-07:00,4,13
resume/index.html,49,html,44941010,vmlau,2025-09-30,21:59:04,-07:00,2025-09-30T21:59:04-07:00,4,2
resume/index.html,50,html,44941010,vmlau,2025-09-30,21:59:04,-07:00,2025-09-30T21:59:04-07:00,6,108
resume/index.html,51,html,44941010,vmlau,2025-09-30,21:59:04,-07:00,2025-09-30T21:59:04-07:00,4,3
resume/index.html,52,html,44941010,vmlau,2025-09-30,21:59:04,-07:00,2025-09-30T21:59:04-07:00,2,8
resume/index.html,53,html,44941010,vmlau,2025-09-30,21:59:04,-07:00,2025-09-30T21:59:04-07:00,0,5
resume/index.html,54,html,44941010,vmlau,2025-09-30,21:59:04,-07:00,2025-09-30T21:59:04-07:00,0,5
projects/projects.js,1,js,f2c61efb,vmlau,2025-10-25,18:45:55,-07:00,2025-10-25T18:45:55-07:00,0,55
projects/projects.js,2,js,458b3ee6,vmlau,2025-10-31,21:00:44,-07:00,2025-10-31T21:00:44-07:00,0,63
projects/projects.js,3,js,458b3ee6,vmlau,2025-10-31,21:00:44,-07:00,2025-10-31T21:00:44-07:00,0,0
projects/projects.js,4,js,f2c61efb,vmlau,2025-10-25,18:45:55,-07:00,2025-10-25T18:45:55-07:00,0,55
projects/projects.js,5,js,f2c61efb,vmlau,2025-10-25,18:45:55,-07:00,2025-10-25T18:45:55-07:00,0,60
projects/projects.js,6,js,f2c61efb,vmlau,2025-10-25,18:45:55,-07:00,2025-10-25T18:45:55-07:00,0,48
projects/projects.js,7,js,f2c61efb,vmlau,2025-10-25,18:45:55,-07:00,2025-10-25T18:45:55-07:00,0,0
projects/projects.js,8,js,f2c61efb,vmlau,2025-10-25,18:45:55,-07:00,2025-10-25T18:45:55-07:00,0,61
projects/projects.js,9,js,458b3ee6,vmlau,2025-10-31,21:00:44,-07:00,2025-10-31T21:00:44-07:00,0,73
projects/projects.js,10,js,458b3ee6,vmlau,2025-10-31,21:00:44,-07:00,2025-10-31T21:00:44-07:00,0,0
projects/projects.js,11,js,458b3ee6,vmlau,2025-10-31,21:00:44,-07:00,2025-10-31T21:00:44-07:00,0,57
projects/projects.js,12,js,458b3ee6,vmlau,2025-10-31,21:00:44,-07:00,2025-10-31T21:00:44-07:00,0,28
projects/projects.js,13,js,458b3ee6,vmlau,2025-10-31,21:00:44,-07:00,2025-10-31T21:00:44-07:00,0,29
projects/projects.js,14,js,458b3ee6,vmlau,2025-10-31,21:00:44,-07:00,2025-10-31T21:00:44-07:00,0,19
projects/projects.js,15,js,458b3ee6,vmlau,2025-10-31,21:00:44,-07:00,2025-10-31T21:00:44-07:00,0,0
projects/projects.js,16,js,458b3ee6,vmlau,2025-10-31,21:00:44,-07:00,2025-10-31T21:00:44-07:00,0,43
projects/projects.js,17,js,458b3ee6,vmlau,2025-10-31,21:00:44,-07:00,2025-10-31T21:00:44-07:00,1,42
projects/projects.js,18,js,458b3ee6,vmlau,2025-10-31,21:00:44,-07:00,2025-10-31T21:00:44-07:00,1,34
projects/projects.js,19,js,458b3ee6,vmlau,2025-10-31,21:00:44,-07:00,2025-10-31T21:00:44-07:00,0,0
projects/projects.js,20,js,458b3ee6,vmlau,2025-10-31,21:00:44,-07:00,2025-10-31T21:00:44-07:00,1,26
projects/projects.js,21,js,458b3ee6,vmlau,2025-10-31,21:00:44,-07:00,2025-10-31T21:00:44-07:00,1,29
projects/projects.js,22,js,458b3ee6,vmlau,2025-10-31,21:00:44,-07:00,2025-10-31T21:00:44-07:00,0,0
projects/projects.js,23,js,458b3ee6,vmlau,2025-10-31,21:00:44,-07:00,2025-10-31T21:00:44-07:00,1,45
projects/projects.js,24,js,458b3ee6,vmlau,2025-10-31,21:00:44,-07:00,2025-10-31T21:00:44-07:00,0,0
projects/projects.js,25,js,458b3ee6,vmlau,2025-10-31,21:00:44,-07:00,2025-10-31T21:00:44-07:00,1,28
projects/projects.js,26,js,458b3ee6,vmlau,2025-10-31,21:00:44,-07:00,2025-10-31T21:00:44-07:00,2,7
projects/projects.js,27,js,458b3ee6,vmlau,2025-10-31,21:00:44,-07:00,2025-10-31T21:00:44-07:00,2,14
projects/projects.js,28,js,458b3ee6,vmlau,2025-10-31,21:00:44,-07:00,2025-10-31T21:00:44-07:00,2,12
projects/projects.js,29,js,458b3ee6,vmlau,2025-10-31,21:00:44,-07:00,2025-10-31T21:00:44-07:00,1,0
projects/projects.js,30,js,458b3ee6,vmlau,2025-10-31,21:00:44,-07:00,2025-10-31T21:00:44-07:00,0,0
projects/projects.js,31,js,458b3ee6,vmlau,2025-10-31,21:00:44,-07:00,2025-10-31T21:00:44-07:00,1,78
projects/projects.js,32,js,458b3ee6,vmlau,2025-10-31,21:00:44,-07:00,2025-10-31T21:00:44-07:00,1,52
projects/projects.js,33,js,458b3ee6,vmlau,2025-10-31,21:00:44,-07:00,2025-10-31T21:00:44-07:00,1,35
projects/projects.js,34,js,458b3ee6,vmlau,2025-10-31,21:00:44,-07:00,2025-10-31T21:00:44-07:00,1,49
projects/projects.js,35,js,458b3ee6,vmlau,2025-10-31,21:00:44,-07:00,2025-10-31T21:00:44-07:00,0,0
projects/projects.js,36,js,458b3ee6,vmlau,2025-10-31,21:00:44,-07:00,2025-10-31T21:00:44-07:00,1,27
projects/projects.js,37,js,458b3ee6,vmlau,2025-10-31,21:00:44,-07:00,2025-10-31T21:00:44-07:00,2,1
projects/projects.js,38,js,458b3ee6,vmlau,2025-10-31,21:00:44,-07:00,2025-10-31T21:00:44-07:00,3,13
projects/projects.js,39,js,458b3ee6,vmlau,2025-10-31,21:00:44,-07:00,2025-10-31T21:00:44-07:00,3,25
projects/projects.js,40,js,458b3ee6,vmlau,2025-10-31,21:00:44,-07:00,2025-10-31T21:00:44-07:00,3,24
projects/projects.js,41,js,458b3ee6,vmlau,2025-10-31,21:00:44,-07:00,2025-10-31T21:00:44-07:00,3,25
projects/projects.js,42,js,458b3ee6,vmlau,2025-10-31,21:00:44,-07:00,2025-10-31T21:00:44-07:00,3,18
projects/projects.js,43,js,458b3ee6,vmlau,2025-10-31,21:00:44,-07:00,2025-10-31T21:00:44-07:00,4,47
projects/projects.js,44,js,458b3ee6,vmlau,2025-10-31,21:00:44,-07:00,2025-10-31T21:00:44-07:00,0,0
projects/projects.js,45,js,458b3ee6,vmlau,2025-10-31,21:00:44,-07:00,2025-10-31T21:00:44-07:00,4,59
projects/projects.js,46,js,458b3ee6,vmlau,2025-10-31,21:00:44,-07:00,2025-10-31T21:00:44-07:00,0,0
projects/projects.js,47,js,458b3ee6,vmlau,2025-10-31,21:00:44,-07:00,2025-10-31T21:00:44-07:00,4,34
projects/projects.js,48,js,458b3ee6,vmlau,2025-10-31,21:00:44,-07:00,2025-10-31T21:00:44-07:00,5,117
projects/projects.js,49,js,458b3ee6,vmlau,2025-10-31,21:00:44,-07:00,2025-10-31T21:00:44-07:00,5,9
projects/projects.js,50,js,458b3ee6,vmlau,2025-10-31,21:00:44,-07:00,2025-10-31T21:00:44-07:00,0,0
projects/projects.js,51,js,458b3ee6,vmlau,2025-10-31,21:00:44,-07:00,2025-10-31T21:00:44-07:00,4,25
projects/projects.js,52,js,458b3ee6,vmlau,2025-10-31,21:00:44,-07:00,2025-10-31T21:00:44-07:00,5,56
projects/projects.js,53,js,458b3ee6,vmlau,2025-10-31,21:00:44,-07:00,2025-10-31T21:00:44-07:00,5,81
projects/projects.js,54,js,458b3ee6,vmlau,2025-10-31,21:00:44,-07:00,2025-10-31T21:00:44-07:00,0,0
projects/projects.js,55,js,458b3ee6,vmlau,2025-10-31,21:00:44,-07:00,2025-10-31T21:00:44-07:00,5,40
projects/projects.js,56,js,458b3ee6,vmlau,2025-10-31,21:00:44,-07:00,2025-10-31T21:00:44-07:00,5,50
projects/projects.js,57,js,458b3ee6,vmlau,2025-10-31,21:00:44,-07:00,2025-10-31T21:00:44-07:00,5,5
projects/projects.js,58,js,458b3ee6,vmlau,2025-10-31,21:00:44,-07:00,2025-10-31T21:00:44-07:00,4,0
projects/projects.js,59,js,458b3ee6,vmlau,2025-10-31,21:00:44,-07:00,2025-10-31T21:00:44-07:00,0,0
projects/projects.js,60,js,458b3ee6,vmlau,2025-10-31,21:00:44,-07:00,2025-10-31T21:00:44-07:00,4,27
projects/projects.js,61,js,458b3ee6,vmlau,2025-10-31,21:00:44,-07:00,2025-10-31T21:00:44-07:00,4,18
projects/projects.js,62,js,458b3ee6,vmlau,2025-10-31,21:00:44,-07:00,2025-10-31T21:00:44-07:00,4,79
projects/projects.js,63,js,458b3ee6,vmlau,2025-10-31,21:00:44,-07:00,2025-10-31T21:00:44-07:00,4,48
projects/projects.js,64,js,458b3ee6,vmlau,2025-10-31,21:00:44,-07:00,2025-10-31T21:00:44-07:00,4,73
projects/projects.js,65,js,458b3ee6,vmlau,2025-10-31,21:00:44,-07:00,2025-10-31T21:00:44-07:00,0,0
projects/projects.js,66,js,458b3ee6,vmlau,2025-10-31,21:00:44,-07:00,2025-10-31T21:00:44-07:00,4,87
projects/projects.js,67,js,458b3ee6,vmlau,2025-10-31,21:00:44,-07:00,2025-10-31T21:00:44-07:00,4,109
projects/projects.js,68,js,458b3ee6,vmlau,2025-10-31,21:00:44,-07:00,2025-10-31T21:00:44-07:00,3,1
projects/projects.js,69,js,458b3ee6,vmlau,2025-10-31,21:00:44,-07:00,2025-10-31T21:00:44-07:00,1,1
projects/projects.js,70,js,458b3ee6,vmlau,2025-10-31,21:00:44,-07:00,2025-10-31T21:00:44-07:00,0,0
projects/projects.js,71,js,458b3ee6,vmlau,2025-10-31,21:00:44,-07:00,2025-10-31T21:00:44-07:00,1,24
projects/projects.js,72,js,458b3ee6,vmlau,2025-10-31,21:00:44,-07:00,2025-10-31T21:00:44-07:00,2,4
projects/projects.js,73,js,458b3ee6,vmlau,2025-10-31,21:00:44,-07:00,2025-10-31T21:00:44-07:00,3,11
projects/projects.js,74,js,458b3ee6,vmlau,2025-10-31,21:00:44,-07:00,2025-10-31T21:00:44-07:00,3,27
projects/projects.js,75,js,458b3ee6,vmlau,2025-10-31,21:00:44,-07:00,2025-10-31T21:00:44-07:00,3,99
projects/projects.js,76,js,458b3ee6,vmlau,2025-10-31,21:00:44,-07:00,2025-10-31T21:00:44-07:00,3,18
projects/projects.js,77,js,458b3ee6,vmlau,2025-10-31,21:00:44,-07:00,2025-10-31T21:00:44-07:00,4,47
projects/projects.js,78,js,458b3ee6,vmlau,2025-10-31,21:00:44,-07:00,2025-10-31T21:00:44-07:00,4,59
projects/projects.js,79,js,458b3ee6,vmlau,2025-10-31,21:00:44,-07:00,2025-10-31T21:00:44-07:00,0,0
projects/projects.js,80,js,458b3ee6,vmlau,2025-10-31,21:00:44,-07:00,2025-10-31T21:00:44-07:00,4,34
projects/projects.js,81,js,458b3ee6,vmlau,2025-10-31,21:00:44,-07:00,2025-10-31T21:00:44-07:00,5,117
projects/projects.js,82,js,458b3ee6,vmlau,2025-10-31,21:00:44,-07:00,2025-10-31T21:00:44-07:00,5,9
projects/projects.js,83,js,458b3ee6,vmlau,2025-10-31,21:00:44,-07:00,2025-10-31T21:00:44-07:00,0,0
projects/projects.js,84,js,458b3ee6,vmlau,2025-10-31,21:00:44,-07:00,2025-10-31T21:00:44-07:00,4,25
projects/projects.js,85,js,458b3ee6,vmlau,2025-10-31,21:00:44,-07:00,2025-10-31T21:00:44-07:00,5,56
projects/projects.js,86,js,458b3ee6,vmlau,2025-10-31,21:00:44,-07:00,2025-10-31T21:00:44-07:00,5,81
projects/projects.js,87,js,458b3ee6,vmlau,2025-10-31,21:00:44,-07:00,2025-10-31T21:00:44-07:00,5,40
projects/projects.js,88,js,458b3ee6,vmlau,2025-10-31,21:00:44,-07:00,2025-10-31T21:00:44-07:00,5,50
projects/projects.js,89,js,458b3ee6,vmlau,2025-10-31,21:00:44,-07:00,2025-10-31T21:00:44-07:00,5,5
projects/projects.js,90,js,458b3ee6,vmlau,2025-10-31,21:00:44,-07:00,2025-10-31T21:00:44-07:00,4,0
projects/projects.js,91,js,458b3ee6,vmlau,2025-10-31,21:00:44,-07:00,2025-10-31T21:00:44-07:00,0,0
projects/projects.js,92,js,458b3ee6,vmlau,2025-10-31,21:00:44,-07:00,2025-10-31T21:00:44-07:00,4,27
projects/projects.js,93,js,458b3ee6,vmlau,2025-10-31,21:00:44,-07:00,2025-10-31T21:00:44-07:00,4,18
projects/projects.js,94,js,458b3ee6,vmlau,2025-10-31,21:00:44,-07:00,2025-10-31T21:00:44-07:00,4,79
projects/projects.js,95,js,458b3ee6,vmlau,2025-10-31,21:00:44,-07:00,2025-10-31T21:00:44-07:00,4,48
projects/projects.js,96,js,458b3ee6,vmlau,2025-10-31,21:00:44,-07:00,2025-10-31T21:00:44-07:00,4,73
projects/projects.js,97,js,458b3ee6,vmlau,2025-10-31,21:00:44,-07:00,2025-10-31T21:00:44-07:00,4,87
projects/projects.js,98,js,458b3ee6,vmlau,2025-10-31,21:00:44,-07:00,2025-10-31T21:00:44-07:00,4,109
projects/projects.js,99,js,458b3ee6,vmlau,2025-10-31,21:00:44,-07:00,2025-10-31T21:00:44-07:00,3,1
projects/projects.js,100,js,458b3ee6,vmlau,2025-10-31,21:00:44,-07:00,2025-10-31T21:00:44-07:00,1,1
projects/projects.js,101,js,458b3ee6,vmlau,2025-10-31,21:00:44,-07:00,2025-10-31T21:00:44-07:00,1,26
projects/projects.js,102,js,458b3ee6,vmlau,2025-10-31,21:00:44,-07:00,2025-10-31T21:00:44-07:00,2,74
projects/projects.js,103,js,458b3ee6,vmlau,2025-10-31,21:00:44,-07:00,2025-10-31T21:00:44-07:00,2,40
projects/projects.js,104,js,458b3ee6,vmlau,2025-10-31,21:00:44,-07:00,2025-10-31T21:00:44-07:00,1,6
projects/projects.js,105,js,458b3ee6,vmlau,2025-10-31,21:00:44,-07:00,2025-10-31T21:00:44-07:00,2,17
projects/projects.js,106,js,458b3ee6,vmlau,2025-10-31,21:00:44,-07:00,2025-10-31T21:00:44-07:00,1,0
projects/projects.js,107,js,458b3ee6,vmlau,2025-10-31,21:00:44,-07:00,2025-10-31T21:00:44-07:00,0,0
projects/projects.js,108,js,458b3ee6,vmlau,2025-10-31,21:00:44,-07:00,2025-10-31T21:00:44-07:00,1,87
projects/projects.js,109,js,458b3ee6,vmlau,2025-10-31,21:00:44,-07:00,2025-10-31T21:00:44-07:00,1,109
projects/projects.js,110,js,458b3ee6,vmlau,2025-10-31,21:00:44,-07:00,2025-10-31T21:00:44-07:00,0,0
projects/projects.js,111,js,458b3ee6,vmlau,2025-10-31,21:00:44,-07:00,2025-10-31T21:00:44-07:00,0,0
projects/projects.js,112,js,458b3ee6,vmlau,2025-10-31,21:00:44,-07:00,2025-10-31T21:00:44-07:00,0,23
projects/projects.js,113,js,458b3ee6,vmlau,2025-10-31,21:00:44,-07:00,2025-10-31T21:00:44-07:00,0,0
projects/projects.js,114,js,458b3ee6,vmlau,2025-10-31,21:00:44,-07:00,2025-10-31T21:00:44-07:00,0,71
projects/projects.js,115,js,458b3ee6,vmlau,2025-10-31,21:00:44,-07:00,2025-10-31T21:00:44-07:00,0,0
projects/projects.js,116,js,458b3ee6,vmlau,2025-10-31,21:00:44,-07:00,2025-10-31T21:00:44-07:00,0,16
projects/projects.js,117,js,458b3ee6,vmlau,2025-10-31,21:00:44,-07:00,2025-10-31T21:00:44-07:00,1,33
projects/projects.js,118,js,458b3ee6,vmlau,2025-10-31,21:00:44,-07:00,2025-10-31T21:00:44-07:00,2,4
projects/projects.js,119,js,458b3ee6,vmlau,2025-10-31,21:00:44,-07:00,2025-10-31T21:00:44-07:00,2,19
projects/projects.js,120,js,458b3ee6,vmlau,2025-10-31,21:00:44,-07:00,2025-10-31T21:00:44-07:00,3,14
projects/projects.js,121,js,458b3ee6,vmlau,2025-10-31,21:00:44,-07:00,2025-10-31T21:00:44-07:00,3,38
projects/projects.js,122,js,458b3ee6,vmlau,2025-10-31,21:00:44,-07:00,2025-10-31T21:00:44-07:00,2,0
projects/projects.js,123,js,458b3ee6,vmlau,2025-10-31,21:00:44,-07:00,2025-10-31T21:00:44-07:00,1,0
projects/projects.js,124,js,458b3ee6,vmlau,2025-10-31,21:00:44,-07:00,2025-10-31T21:00:44-07:00,0,0
projects/projects.js,125,js,458b3ee6,vmlau,2025-10-31,21:00:44,-07:00,2025-10-31T21:00:44-07:00,1,35
projects/projects.js,126,js,458b3ee6,vmlau,2025-10-31,21:00:44,-07:00,2025-10-31T21:00:44-07:00,2,60
projects/projects.js,127,js,458b3ee6,vmlau,2025-10-31,21:00:44,-07:00,2025-10-31T21:00:44-07:00,2,18
projects/projects.js,128,js,458b3ee6,vmlau,2025-10-31,21:00:44,-07:00,2025-10-31T21:00:44-07:00,0,0
projects/projects.js,129,js,458b3ee6,vmlau,2025-10-31,21:00:44,-07:00,2025-10-31T21:00:44-07:00,2,53
projects/projects.js,130,js,458b3ee6,vmlau,2025-10-31,21:00:44,-07:00,2025-10-31T21:00:44-07:00,3,100
projects/projects.js,131,js,458b3ee6,vmlau,2025-10-31,21:00:44,-07:00,2025-10-31T21:00:44-07:00,3,25
projects/projects.js,132,js,458b3ee6,vmlau,2025-10-31,21:00:44,-07:00,2025-10-31T21:00:44-07:00,2,1
projects/projects.js,133,js,458b3ee6,vmlau,2025-10-31,21:00:44,-07:00,2025-10-31T21:00:44-07:00,0,0
projects/projects.js,134,js,458b3ee6,vmlau,2025-10-31,21:00:44,-07:00,2025-10-31T21:00:44-07:00,2,56
projects/projects.js,135,js,458b3ee6,vmlau,2025-10-31,21:00:44,-07:00,2025-10-31T21:00:44-07:00,2,81
projects/projects.js,136,js,458b3ee6,vmlau,2025-10-31,21:00:44,-07:00,2025-10-31T21:00:44-07:00,0,0
projects/projects.js,137,js,458b3ee6,vmlau,2025-10-31,21:00:44,-07:00,2025-10-31T21:00:44-07:00,2,15
projects/projects.js,138,js,458b3ee6,vmlau,2025-10-31,21:00:44,-07:00,2025-10-31T21:00:44-07:00,1,6
projects/projects.js,139,js,458b3ee6,vmlau,2025-10-31,21:00:44,-07:00,2025-10-31T21:00:44-07:00,0,0
projects/projects.js,140,js,458b3ee6,vmlau,2025-10-31,21:00:44,-07:00,2025-10-31T21:00:44-07:00,1,45
projects/projects.js,141,js,458b3ee6,vmlau,2025-10-31,21:00:44,-07:00,2025-10-31T21:00:44-07:00,0,0
projects/projects.js,142,js,458b3ee6,vmlau,2025-10-31,21:00:44,-07:00,2025-10-31T21:00:44-07:00,0,0
projects/index.html,1,html,de795aa8,vmlau,2025-09-30,20:44:30,-07:00,2025-09-30T20:44:30-07:00,0,13
projects/index.html,2,html,de795aa8,vmlau,2025-09-30,20:44:30,-07:00,2025-09-30T20:44:30-07:00,0,14
projects/index.html,3,html,de795aa8,vmlau,2025-09-30,20:44:30,-07:00,2025-09-30T20:44:30-07:00,0,4
projects/index.html,4,html,de795aa8,vmlau,2025-09-30,20:44:30,-07:00,2025-09-30T20:44:30-07:00,2,20
projects/index.html,5,html,de795aa8,vmlau,2025-09-30,20:44:30,-07:00,2025-09-30T20:44:30-07:00,2,68
projects/index.html,6,html,de795aa8,vmlau,2025-09-30,20:44:30,-07:00,2025-09-30T20:44:30-07:00,2,21
projects/index.html,7,html,711b2aec,vmlau,2025-09-30,22:07:35,-07:00,2025-09-30T22:07:35-07:00,2,41
projects/index.html,8,html,f2c61efb,vmlau,2025-10-25,18:45:55,-07:00,2025-10-25T18:45:55-07:00,2,57
projects/index.html,9,html,de795aa8,vmlau,2025-09-30,20:44:30,-07:00,2025-09-30T20:44:30-07:00,0,5
projects/index.html,10,html,de795aa8,vmlau,2025-09-30,20:44:30,-07:00,2025-09-30T20:44:30-07:00,0,4
projects/index.html,11,html,cccce766,vmlau,2025-10-16,17:25:38,-07:00,2025-10-16T17:25:38-07:00,2,8
projects/index.html,12,html,c23c3518,vmlau,2025-10-09,20:21:05,-07:00,2025-10-09T20:21:05-07:00,4,30
projects/index.html,13,html,13aaa6e0,vmlau,2025-10-15,20:18:50,-07:00,2025-10-15T20:18:50-07:00,4,31
projects/index.html,14,html,c23c3518,vmlau,2025-10-09,20:21:05,-07:00,2025-10-09T20:21:05-07:00,4,41
projects/index.html,15,html,c23c3518,vmlau,2025-10-09,20:21:05,-07:00,2025-10-09T20:21:05-07:00,4,43
projects/index.html,16,html,711b2aec,vmlau,2025-09-30,22:07:35,-07:00,2025-09-30T22:07:35-07:00,4,39
projects/index.html,17,html,cccce766,vmlau,2025-10-16,17:25:38,-07:00,2025-10-16T17:25:38-07:00,2,8
projects/index.html,18,html,f2c61efb,vmlau,2025-10-25,18:45:55,-07:00,2025-10-25T18:45:55-07:00,2,38
projects/index.html,19,html,458b3ee6,vmlau,2025-10-31,21:00:44,-07:00,2025-10-31T21:00:44-07:00,2,21
projects/index.html,20,html,458b3ee6,vmlau,2025-10-31,21:00:44,-07:00,2025-10-31T21:00:44-07:00,6,21
projects/index.html,21,html,458b3ee6,vmlau,2025-10-31,21:00:44,-07:00,2025-10-31T21:00:44-07:00,8,77
projects/index.html,22,html,458b3ee6,vmlau,2025-10-31,21:00:44,-07:00,2025-10-31T21:00:44-07:00,8,62
projects/index.html,23,html,458b3ee6,vmlau,2025-10-31,21:00:44,-07:00,2025-10-31T21:00:44-07:00,6,4
projects/index.html,24,html,458b3ee6,vmlau,2025-10-31,21:00:44,-07:00,2025-10-31T21:00:44-07:00,6,4
projects/index.html,25,html,458b3ee6,vmlau,2025-10-31,21:00:44,-07:00,2025-10-31T21:00:44-07:00,8,15
projects/index.html,26,html,458b3ee6,vmlau,2025-10-31,21:00:44,-07:00,2025-10-31T21:00:44-07:00,8,11
projects/index.html,27,html,458b3ee6,vmlau,2025-10-31,21:00:44,-07:00,2025-10-31T21:00:44-07:00,8,26
projects/index.html,28,html,458b3ee6,vmlau,2025-10-31,21:00:44,-07:00,2025-10-31T21:00:44-07:00,8,31
projects/index.html,29,html,458b3ee6,vmlau,2025-10-31,21:00:44,-07:00,2025-10-31T21:00:44-07:00,6,0
projects/index.html,30,html,458b3ee6,vmlau,2025-10-31,21:00:44,-07:00,2025-10-31T21:00:44-07:00,2,4
projects/index.html,31,html,3fc7a194,vmlau,2025-10-10,18:52:36,-07:00,2025-10-10T18:52:36-07:00,2,20
projects/index.html,32,html,f2c61efb,vmlau,2025-10-25,18:45:55,-07:00,2025-10-25T18:45:55-07:00,4,2
projects/index.html,33,html,3fc7a194,vmlau,2025-10-10,18:52:36,-07:00,2025-10-10T18:52:36-07:00,4,7
projects/index.html,34,html,3fc7a194,vmlau,2025-10-10,18:52:36,-07:00,2025-10-10T18:52:36-07:00,6,29
projects/index.html,35,html,3fc7a194,vmlau,2025-10-10,18:52:36,-07:00,2025-10-10T18:52:36-07:00,6,70
projects/index.html,36,html,3fc7a194,vmlau,2025-10-10,18:52:36,-07:00,2025-10-10T18:52:36-07:00,6,238
projects/index.html,37,html,3fc7a194,vmlau,2025-10-10,18:52:36,-07:00,2025-10-10T18:52:36-07:00,4,8
projects/index.html,38,html,3fc7a194,vmlau,2025-10-10,18:52:36,-07:00,2025-10-10T18:52:36-07:00,4,7
projects/index.html,39,html,3fc7a194,vmlau,2025-10-10,18:52:36,-07:00,2025-10-10T18:52:36-07:00,6,36
projects/index.html,40,html,3fc7a194,vmlau,2025-10-10,18:52:36,-07:00,2025-10-10T18:52:36-07:00,6,70
projects/index.html,41,html,3fc7a194,vmlau,2025-10-10,18:52:36,-07:00,2025-10-10T18:52:36-07:00,6,231
projects/index.html,42,html,3fc7a194,vmlau,2025-10-10,18:52:36,-07:00,2025-10-10T18:52:36-07:00,4,8
projects/index.html,43,html,3fc7a194,vmlau,2025-10-10,18:52:36,-07:00,2025-10-10T18:52:36-07:00,4,7
projects/index.html,44,html,3fc7a194,vmlau,2025-10-10,18:52:36,-07:00,2025-10-10T18:52:36-07:00,6,45
projects/index.html,45,html,3fc7a194,vmlau,2025-10-10,18:52:36,-07:00,2025-10-10T18:52:36-07:00,6,70
projects/index.html,46,html,3fc7a194,vmlau,2025-10-10,18:52:36,-07:00,2025-10-10T18:52:36-07:00,6,214
projects/index.html,47,html,3fc7a194,vmlau,2025-10-10,18:52:36,-07:00,2025-10-10T18:52:36-07:00,4,8
projects/index.html,48,html,3fc7a194,vmlau,2025-10-10,18:52:36,-07:00,2025-10-10T18:52:36-07:00,4,7
projects/index.html,49,html,3fc7a194,vmlau,2025-10-10,18:52:36,-07:00,2025-10-10T18:52:36-07:00,6,47
projects/index.html,50,html,3fc7a194,vmlau,2025-10-10,18:52:36,-07:00,2025-10-10T18:52:36-07:00,6,70
projects/index.html,51,html,3fc7a194,vmlau,2025-10-10,18:52:36,-07:00,2025-10-10T18:52:36-07:00,6,200
projects/index.html,52,html,3fc7a194,vmlau,2025-10-10,18:52:36,-07:00,2025-10-10T18:52:36-07:00,4,8
projects/index.html,53,html,3fc7a194,vmlau,2025-10-10,18:52:36,-07:00,2025-10-10T18:52:36-07:00,4,7
projects/index.html,54,html,3fc7a194,vmlau,2025-10-10,18:52:36,-07:00,2025-10-10T18:52:36-07:00,6,43
projects/index.html,55,html,3fc7a194,vmlau,2025-10-10,18:52:36,-07:00,2025-10-10T18:52:36-07:00,6,70
projects/index.html,56,html,3fc7a194,vmlau,2025-10-10,18:52:36,-07:00,2025-10-10T18:52:36-07:00,6,224
projects/index.html,57,html,3fc7a194,vmlau,2025-10-10,18:52:36,-07:00,2025-10-10T18:52:36-07:00,4,8
projects/index.html,58,html,3fc7a194,vmlau,2025-10-10,18:52:36,-07:00,2025-10-10T18:52:36-07:00,4,7
projects/index.html,59,html,3fc7a194,vmlau,2025-10-10,18:52:36,-07:00,2025-10-10T18:52:36-07:00,6,31
projects/index.html,60,html,3fc7a194,vmlau,2025-10-10,18:52:36,-07:00,2025-10-10T18:52:36-07:00,6,70
projects/index.html,61,html,3fc7a194,vmlau,2025-10-10,18:52:36,-07:00,2025-10-10T18:52:36-07:00,6,229
projects/index.html,62,html,3fc7a194,vmlau,2025-10-10,18:52:36,-07:00,2025-10-10T18:52:36-07:00,4,8
projects/index.html,63,html,3fc7a194,vmlau,2025-10-10,18:52:36,-07:00,2025-10-10T18:52:36-07:00,4,7
projects/index.html,64,html,3fc7a194,vmlau,2025-10-10,18:52:36,-07:00,2025-10-10T18:52:36-07:00,6,24
projects/index.html,65,html,3fc7a194,vmlau,2025-10-10,18:52:36,-07:00,2025-10-10T18:52:36-07:00,6,70
projects/index.html,66,html,3fc7a194,vmlau,2025-10-10,18:52:36,-07:00,2025-10-10T18:52:36-07:00,6,219
projects/index.html,67,html,3fc7a194,vmlau,2025-10-10,18:52:36,-07:00,2025-10-10T18:52:36-07:00,4,8
projects/index.html,68,html,3fc7a194,vmlau,2025-10-10,18:52:36,-07:00,2025-10-10T18:52:36-07:00,4,7
projects/index.html,69,html,3fc7a194,vmlau,2025-10-10,18:52:36,-07:00,2025-10-10T18:52:36-07:00,6,36
projects/index.html,70,html,3fc7a194,vmlau,2025-10-10,18:52:36,-07:00,2025-10-10T18:52:36-07:00,6,70
projects/index.html,71,html,3fc7a194,vmlau,2025-10-10,18:52:36,-07:00,2025-10-10T18:52:36-07:00,6,249
projects/index.html,72,html,3fc7a194,vmlau,2025-10-10,18:52:36,-07:00,2025-10-10T18:52:36-07:00,4,8
projects/index.html,73,html,3fc7a194,vmlau,2025-10-10,18:52:36,-07:00,2025-10-10T18:52:36-07:00,4,7
projects/index.html,74,html,3fc7a194,vmlau,2025-10-10,18:52:36,-07:00,2025-10-10T18:52:36-07:00,6,41
projects/index.html,75,html,3fc7a194,vmlau,2025-10-10,18:52:36,-07:00,2025-10-10T18:52:36-07:00,6,70
projects/index.html,76,html,3fc7a194,vmlau,2025-10-10,18:52:36,-07:00,2025-10-10T18:52:36-07:00,6,224
projects/index.html,77,html,3fc7a194,vmlau,2025-10-10,18:52:36,-07:00,2025-10-10T18:52:36-07:00,4,8
projects/index.html,78,html,3fc7a194,vmlau,2025-10-10,18:52:36,-07:00,2025-10-10T18:52:36-07:00,4,7
projects/index.html,79,html,3fc7a194,vmlau,2025-10-10,18:52:36,-07:00,2025-10-10T18:52:36-07:00,6,32
projects/index.html,80,html,3fc7a194,vmlau,2025-10-10,18:52:36,-07:00,2025-10-10T18:52:36-07:00,6,70
projects/index.html,81,html,3fc7a194,vmlau,2025-10-10,18:52:36,-07:00,2025-10-10T18:52:36-07:00,6,195
projects/index.html,82,html,3fc7a194,vmlau,2025-10-10,18:52:36,-07:00,2025-10-10T18:52:36-07:00,4,8
projects/index.html,83,html,3fc7a194,vmlau,2025-10-10,18:52:36,-07:00,2025-10-10T18:52:36-07:00,4,7
projects/index.html,84,html,3fc7a194,vmlau,2025-10-10,18:52:36,-07:00,2025-10-10T18:52:36-07:00,6,38
projects/index.html,85,html,3fc7a194,vmlau,2025-10-10,18:52:36,-07:00,2025-10-10T18:52:36-07:00,6,70
projects/index.html,86,html,3fc7a194,vmlau,2025-10-10,18:52:36,-07:00,2025-10-10T18:52:36-07:00,6,238
projects/index.html,87,html,3fc7a194,vmlau,2025-10-10,18:52:36,-07:00,2025-10-10T18:52:36-07:00,4,8
projects/index.html,88,html,3fc7a194,vmlau,2025-10-10,18:52:36,-07:00,2025-10-10T18:52:36-07:00,4,7
projects/index.html,89,html,3fc7a194,vmlau,2025-10-10,18:52:36,-07:00,2025-10-10T18:52:36-07:00,6,35
projects/index.html,90,html,3fc7a194,vmlau,2025-10-10,18:52:36,-07:00,2025-10-10T18:52:36-07:00,6,70
projects/index.html,91,html,3fc7a194,vmlau,2025-10-10,18:52:36,-07:00,2025-10-10T18:52:36-07:00,6,251
projects/index.html,92,html,3fc7a194,vmlau,2025-10-10,18:52:36,-07:00,2025-10-10T18:52:36-07:00,4,8
projects/index.html,93,html,f2c61efb,vmlau,2025-10-25,18:45:55,-07:00,2025-10-25T18:45:55-07:00,4,1
projects/index.html,94,html,3fc7a194,vmlau,2025-10-10,18:52:36,-07:00,2025-10-10T18:52:36-07:00,2,4
projects/index.html,95,html,f2c61efb,vmlau,2025-10-25,18:45:55,-07:00,2025-10-25T18:45:55-07:00,2,48
projects/index.html,96,html,f2c61efb,vmlau,2025-10-25,18:45:55,-07:00,2025-10-25T18:45:55-07:00,2,47
projects/index.html,97,html,de795aa8,vmlau,2025-09-30,20:44:30,-07:00,2025-09-30T20:44:30-07:00,0,5
projects/index.html,98,html,de795aa8,vmlau,2025-09-30,20:44:30,-07:00,2025-09-30T20:44:30-07:00,0,5
contact/index.html,1,html,de795aa8,vmlau,2025-09-30,20:44:30,-07:00,2025-09-30T20:44:30-07:00,0,13
contact/index.html,2,html,de795aa8,vmlau,2025-09-30,20:44:30,-07:00,2025-09-30T20:44:30-07:00,0,14
contact/index.html,3,html,de795aa8,vmlau,2025-09-30,20:44:30,-07:00,2025-09-30T20:44:30-07:00,0,4
contact/index.html,4,html,de795aa8,vmlau,2025-09-30,20:44:30,-07:00,2025-09-30T20:44:30-07:00,2,20
contact/index.html,5,html,de795aa8,vmlau,2025-09-30,20:44:30,-07:00,2025-09-30T20:44:30-07:00,2,68
contact/index.html,6,html,de795aa8,vmlau,2025-09-30,20:44:30,-07:00,2025-09-30T20:44:30-07:00,2,20
contact/index.html,7,html,711b2aec,vmlau,2025-09-30,22:07:35,-07:00,2025-09-30T22:07:35-07:00,2,41
contact/index.html,8,html,13aaa6e0,vmlau,2025-10-15,20:18:50,-07:00,2025-10-15T20:18:50-07:00,2,48
contact/index.html,9,html,de795aa8,vmlau,2025-09-30,20:44:30,-07:00,2025-09-30T20:44:30-07:00,0,5
contact/index.html,10,html,de795aa8,vmlau,2025-09-30,20:44:30,-07:00,2025-09-30T20:44:30-07:00,0,4
contact/index.html,11,html,cccce766,vmlau,2025-10-16,17:25:38,-07:00,2025-10-16T17:25:38-07:00,2,8
contact/index.html,12,html,c23c3518,vmlau,2025-10-09,20:21:05,-07:00,2025-10-09T20:21:05-07:00,4,30
contact/index.html,13,html,c23c3518,vmlau,2025-10-09,20:21:05,-07:00,2025-10-09T20:21:05-07:00,4,43
contact/index.html,14,html,13aaa6e0,vmlau,2025-10-15,20:18:50,-07:00,2025-10-15T20:18:50-07:00,4,30
contact/index.html,15,html,c23c3518,vmlau,2025-10-09,20:21:05,-07:00,2025-10-09T20:21:05-07:00,4,43
contact/index.html,16,html,711b2aec,vmlau,2025-09-30,22:07:35,-07:00,2025-09-30T22:07:35-07:00,4,39
contact/index.html,17,html,cccce766,vmlau,2025-10-16,17:25:38,-07:00,2025-10-16T17:25:38-07:00,2,8
contact/index.html,18,html,7fdbdc55,vmlau,2025-10-10,20:51:29,-07:00,2025-10-10T20:51:29-07:00,2,17
contact/index.html,19,html,a096b084,vmlau,2025-10-17,16:38:08,-07:00,2025-10-17T16:38:08-07:00,2,59
contact/index.html,20,html,d51e005d,vmlau,2025-10-15,19:46:49,-07:00,2025-10-15T19:46:49-07:00,4,27
contact/index.html,21,html,7fdbdc55,vmlau,2025-10-10,20:51:29,-07:00,2025-10-10T20:51:29-07:00,4,45
contact/index.html,22,html,7769d5b2,vmlau,2025-10-09,21:28:05,-07:00,2025-10-09T21:28:05-07:00,4,6
contact/index.html,23,html,d51e005d,vmlau,2025-10-15,19:46:49,-07:00,2025-10-15T19:46:49-07:00,4,21
contact/index.html,24,html,7fdbdc55,vmlau,2025-10-10,20:51:29,-07:00,2025-10-10T20:51:29-07:00,4,50
contact/index.html,25,html,7769d5b2,vmlau,2025-10-09,21:28:05,-07:00,2025-10-09T21:28:05-07:00,4,6
contact/index.html,26,html,de795aa8,vmlau,2025-09-30,20:44:30,-07:00,2025-09-30T20:44:30-07:00,4,33
contact/index.html,27,html,230b4bf5,vmlau,2025-09-30,20:59:49,-07:00,2025-09-30T20:59:49-07:00,2,5
contact/index.html,28,html,de795aa8,vmlau,2025-09-30,20:44:30,-07:00,2025-09-30T20:44:30-07:00,0,5
contact/index.html,29,html,de795aa8,vmlau,2025-09-30,20:44:30,-07:00,2025-09-30T20:44:30-07:00,0,5
